block_id,seed,condition,n_arms,n,m_pairs,rho_bar,p_mc,p_analytic,p_analytic_naive,z_analytic,z_analytic_naive,null_sd_mc,null_sd_theory_corrected,null_sd_theory_naive,abs_err_corrected,abs_err_naive,sd_ratio_corrected,sd_ratio_naive
ETTh1_h336_DLinear,2021,intact,4,2545,6,0.9755452794976435,0.0004997501249375312,0.0,0.0,120.52624060192231,49.20463168177102,0.00807620758027229,0.0080940488529772,0.019826289642953604,0.0004997501249375312,0.0004997501249375312,0.9977957542598291,0.4073484109086759
ETTh1_h336_DLinear,2021,independent,4,2545,6,0.010971443635018492,0.08845577211394302,0.08762993286420795,0.29000210806025284,1.3554951093460363,0.5533785611226464,0.008194237539314825,0.0080940488529772,0.019826289642953604,0.0008258392497350747,0.20154633594630983,1.0123780679061225,0.4133016155257831
ETTh1_h336_DLinear,2021,all_shared,4,2545,6,0.9755452794976435,0.0004997501249375312,0.0,0.0,120.52624060192231,49.20463168177102,0.008079818105622279,0.0080940488529772,0.019826289642953604,0.0004997501249375312,0.0004997501249375312,0.9982418258632468,0.4075305188781957
ETTh1_h336_DLinear,2021,shared_k3,4,2545,6,0.4989410567002834,0.0004997501249375312,0.0,4.765831482645931e-140,61.6429509832721,25.16562935806854,0.008038252570291029,0.0080940488529772,0.019826289642953604,0.0004997501249375312,0.0004997501249375312,0.9931065053226547,0.405434033046515
ETTh1_h336_DLinear,2021,shared_k2,4,2545,6,0.16189134196010915,0.0004997501249375312,2.683822842599413e-89,1.6006839295241604e-16,20.001280558192,8.165488594969984,0.00796102810817261,0.0080940488529772,0.019826289642953604,0.0004997501249375312,0.0004997501249373712,0.9835656113249598,0.40153897938245914
ETTh1_h336_DLinear,2021,two_pairs,4,2545,6,0.3197860221705765,0.0004997501249375312,0.0,7.928532307367138e-59,39.50878330230869,16.12939324147474,0.00796053377733864,0.0080940488529772,0.019826289642953604,0.0004997501249375312,0.0004997501249375312,0.9835045379557538,0.40151404628388787
ETTh1_h336_DLinear,2022,intact,4,2545,6,0.9758315344719288,0.0004997501249375312,0.0,0.0,120.56160670601743,49.21906983330822,0.007923117708506665,0.0080940488529772,0.019826289642953604,0.0004997501249375312,0.0004997501249375312,0.978881873883469,0.3996268515789889
ETTh1_h336_DLinear,2022,independent,4,2545,6,-0.0019262143128683919,0.5922038980509745,0.5940513407022163,0.5386981707525692,-0.23797908165082057,-0.09715455325010756,0.00812059526897009,0.0080940488529772,0.019826289642953604,0.0018474426512418152,0.0535057272984053,1.003279744967579,0.4095872407400345
ETTh1_h336_DLinear,2022,all_shared,4,2545,6,0.9758315344719288,0.0004997501249375312,0.0,0.0,120.56160670601743,49.21906983330822,0.008219579661826126,0.0080940488529772,0.019826289642953604,0.0004997501249375312,0.0004997501249375312,1.0155090253504897,0.4145798235499611
ETTh1_h336_DLinear,2022,shared_k3,4,2545,6,0.4950937483596361,0.0004997501249375312,0.0,6.225178412477881e-138,61.16762541870843,24.971578508921652,0.00808794714994509,0.0080940488529772,0.019826289642953604,0.0004997501249375312,0.0004997501249375312,0.9992461494682149,0.4079405322729964
ETTh1_h336_DLinear,2022,shared_k2,4,2545,6,0.17653749038088204,0.0004997501249375312,9.166912588369313e-106,2.6883253452347113e-19,21.810776483755344,8.904212213182543,0.007864751959175532,0.0080940488529772,0.019826289642953604,0.0004997501249375312,0.000499750124937531,0.9716709278672901,0.3966829951952567
ETTh1_h336_DLinear,2022,two_pairs,4,2545,6,0.3390379142141793,0.0004997501249375312,0.0,7.366715084529723e-66,41.88730762225043,17.100421728917677,0.007956578528235437,0.0080940488529772,0.019826289642953604,0.0004997501249375312,0.0004997501249375312,0.9830158765731691,0.401314551109832
ETTh1_h336_DLinear,2023,intact,4,2545,6,0.9759556961294334,0.0004997501249375312,0.0,0.0,120.57694657605775,49.22533230902811,0.008044809887200802,0.0080940488529772,0.019826289642953604,0.0004997501249375312,0.0004997501249375312,0.9939166458380978,0.40576477152698015
ETTh1_h336_DLinear,2023,independent,4,2545,6,-0.002318395022068828,0.6131934032983508,0.6127263856830908,0.5465443755273693,-0.28643205201511257,-0.116935395569226,0.008186283800212489,0.0080940488529772,0.019826289642953604,0.0004670176152600236,0.06664902777098147,1.0113954028336958,0.4129004441898663
ETTh1_h336_DLinear,2023,all_shared,4,2545,6,0.9759556961294334,0.0004997501249375312,0.0,0.0,120.57694657605775,49.22533230902811,0.00790879109373074,0.0080940488529772,0.019826289642953604,0.0004997501249375312,0.0004997501249375312,0.9771118555606052,0.39890424462459
ETTh1_h336_DLinear,2023,shared_k3,4,2545,6,0.4899232121323794,0.0004997501249375312,0.0,4.0946913110229596e-135,60.52881827519152,24.71078658464477,0.007887087566067175,0.0080940488529772,0.019826289642953604,0.0004997501249375312,0.0004997501249375312,0.9744304376376602,0.3978095603415286
ETTh1_h336_DLinear,2023,shared_k2,4,2545,6,0.17253130489478027,0.0004997501249375312,4.0486473071788755e-101,1.628303791273339e-18,21.315822035262215,8.70214790572774,0.008230692184288594,0.0080940488529772,0.019826289642953604,0.0004997501249375312,0.0004997501249375296,1.0168819504049735,0.4151403178563891
ETTh1_h336_DLinear,2023,two_pairs,4,2545,6,0.32829548629210836,0.0004997501249375312,0.0,6.939954514316717e-62,40.56010684582819,16.558594280840985,0.008307924659535625,0.0080940488529772,0.019826289642953604,0.0004997501249375312,0.0004997501249375312,1.02642383440517,0.41903577568727374
ETTh1_h96_DLinear,2021,intact,4,2785,6,0.9877880230461855,0.0004997501249375312,0.0,0.0,127.66563116681482,52.11927567484223,0.00799927771375871,0.007737305757377162,0.018952451089472584,0.0004997501249375312,0.0004997501249375312,1.03385829183909,0.4220708802251981
ETTh1_h96_DLinear,2021,independent,4,2785,6,-0.0033423217802751952,0.6616691654172914,0.6671201672997603,0.5699916903639023,-0.4319748870061709,-0.1763530091435897,0.007715852554718964,0.007737305757377162,0.018952451089472584,0.005451001882468942,0.09167747505338908,0.997227303233074,0.40711634174879086
ETTh1_h96_DLinear,2021,all_shared,4,2785,6,0.9877880230461855,0.0004997501249375312,0.0,0.0,127.66563116681482,52.11927567484223,0.007783873460840176,0.007737305757377162,0.018952451089472584,0.0004997501249375312,0.0004997501249375312,1.0060185941881143,0.4107053712521565
ETTh1_h96_DLinear,2021,shared_k3,4,2785,6,0.49896130448008846,0.0004997501249375312,0.0,4.706338255111097e-153,64.4877325681943,26.32700657685611,0.007808642672499579,0.007737305757377162,0.018952451089472584,0.0004997501249375312,0.0004997501249375312,1.0092198650744026,0.41201228461879547
ETTh1_h96_DLinear,2021,shared_k2,4,2785,6,0.15615678911991018,0.0004997501249375312,7.000738109185911e-91,8.653958766942558e-17,20.182321083927945,8.239398080106364,0.007651838419226572,0.007737305757377162,0.018952451089472584,0.0004997501249375312,0.0004997501249374447,0.9889538631623676,0.4037387239836697
ETTh1_h96_DLinear,2021,two_pairs,4,2785,6,0.320290014853533,0.0004997501249375312,0.0,2.2624697088472448e-64,41.39554838557999,16.89966186122716,0.007709693434912192,0.007737305757377162,0.018952451089472584,0.0004997501249375312,0.0004997501249375312,0.9964312742276416,0.4067913642681634
ETTh1_h96_DLinear,2022,intact,4,2785,6,0.98811209604564,0.0004997501249375312,0.0,0.0,127.70751564309333,52.1363749406799,0.007589456363526347,0.007737305757377162,0.018952451089472584,0.0004997501249375312,0.0004997501249375312,0.9808913595394821,0.40044722066276806
ETTh1_h96_DLinear,2022,independent,4,2785,6,-0.0022650293088256447,0.6221889055472264,0.6151400683152751,0.5475647982889612,-0.29274134690438525,-0.11951115442180396,0.00788334713651883,0.007737305757377162,0.018952451089472584,0.007048837231951266,0.07462410725826518,1.0188749654881384,0.41595396285695996
ETTh1_h96_DLinear,2022,all_shared,4,2785,6,0.98811209604564,0.0004997501249375312,0.0,0.0,127.70751564309333,52.1363749406799,0.007633886685170049,0.007737305757377162,0.018952451089472584,0.0004997501249375312,0.0004997501249375312,0.9866337100471301,0.40279152544075963
ETTh1_h96_DLinear,2022,shared_k3,4,2785,6,0.49224195585548913,0.0004997501249375312,0.0,5.068997369398291e-149,63.61929737443286,25.972469393624348,0.007799460701117501,0.007737305757377162,0.018952451089472584,0.0004997501249375312,0.0004997501249375312,1.0080331507748777,0.4115278105347453
ETTh1_h96_DLinear,2022,shared_k2,4,2785,6,0.18368665560440697,0.0004997501249375312,6.904663358923748e-125,1.630820165315202e-22,23.740389919226118,9.691973599469591,0.007808710151402185,0.007737305757377162,0.018952451089472584,0.0004997501249375312,0.0004997501249375312,1.0092285863146797,0.41201584505022926
ETTh1_h96_DLinear,2022,two_pairs,4,2785,6,0.32979247165405196,0.0004997501249375312,0.0,4.050507779571442e-68,42.62368348822329,17.401045917339946,0.007734730640736002,0.007737305757377162,0.018952451089472584,0.0004997501249375312,0.0004997501249375312,0.9996671817397542,0.40811241797808256
ETTh1_h96_DLinear,2023,intact,4,2785,6,0.9880535156517406,0.0004997501249375312,0.0,0.0,127.69994448127856,52.1332840268122,0.007639678862349105,0.007737305757377162,0.018952451089472584,0.0004997501249375312,0.0004997501249375312,0.9873823139359622,0.40309714169860994
ETTh1_h96_DLinear,2023,independent,4,2785,6,0.0022191186495575397,0.3808095952023988,0.3871297942242086,0.4533948656079312,0.2868076717068746,0.11708874166625242,0.007751098510493751,0.007737305757377162,0.018952451089472584,0.0063201990218098025,0.07258527040553236,1.0017826299682469,0.4089760461009295
ETTh1_h96_DLinear,2023,all_shared,4,2785,6,0.9880535156517406,0.0004997501249375312,0.0,0.0,127.69994448127856,52.1332840268122,0.007707079452054812,0.007737305757377162,0.018952451089472584,0.0004997501249375312,0.0004997501249375312,0.9960934327438812,0.4066534410599705
ETTh1_h96_DLinear,2023,shared_k3,4,2785,6,0.49067086394864895,0.0004997501249375312,0.0,4.363769621244425e-148,63.416243242141114,25.88957289124462,0.007666027494046544,0.007737305757377162,0.018952451089472584,0.0004997501249375312,0.0004997501249375312,0.990787715315159,0.4044873909900103
ETTh1_h96_DLinear,2023,shared_k2,4,2785,6,0.1583358582066408,0.0004997501249375312,2.2563726748517515e-93,3.2890404698521913e-17,20.463952591724183,8.354373661704937,0.0075405485585290965,0.007737305757377162,0.018952451089472584,0.0004997501249375312,0.0004997501249374984,0.9745703213731128,0.3978666676373909
ETTh1_h96_DLinear,2023,two_pairs,4,2785,6,0.3234963524867278,0.0004997501249375312,0.0,1.2659053689080454e-65,41.80994814354972,17.068839853986937,0.007523482933915395,0.007737305757377162,0.018952451089472584,0.0004997501249375312,0.0004997501249375312,0.9723646925471575,0.3969662234397969
ETTh2_h336_DLinear,2021,intact,4,2545,6,0.7114305860161562,0.0004997501249375312,0.0,2.793313679524957e-282,87.89551421529579,35.88319341783667,0.008301762608941795,0.0080940488529772,0.019826289642953604,0.0004997501249375312,0.0004997501249375312,1.0256625280792804,0.41872497368121003
ETTh2_h336_DLinear,2021,independent,4,2545,6,0.006511933521522312,0.20739630184907545,0.2105444626586095,0.37128593732456583,0.8045335084834648,0.3284494294592683,0.007985132488478566,0.0080940488529772,0.019826289642953604,0.003148160809534034,0.16388963547549038,0.9865436487378535,0.4027547580652104
ETTh2_h336_DLinear,2021,all_shared,4,2545,6,0.7114305860161562,0.0004997501249375312,0.0,2.793313679524957e-282,87.89551421529579,35.88319341783667,0.008182067927706226,0.0080940488529772,0.019826289642953604,0.0004997501249375312,0.0004997501249375312,1.0108745420651433,0.41268780367153507
ETTh2_h336_DLinear,2021,shared_k3,4,2545,6,0.34927443114067197,0.0004997501249375312,0.0,9.16460781114943e-70,43.15200432873589,17.616731997295645,0.008113894751008844,0.0080940488529772,0.019826289642953604,0.0004997501249375312,0.0004997501249375312,1.0024519123113944,0.40924927947335704
ETTh2_h336_DLinear,2021,shared_k2,4,2545,6,0.14216559781128424,0.0004997501249375312,2.3153601089413874e-69,3.7345823482095793e-13,17.564212966047524,7.170559916732118,0.008274344460267733,0.0080940488529772,0.019826289642953604,0.0004997501249375312,0.000499750124564073,1.0222750826644955,0.4173420548815845
ETTh2_h336_DLinear,2021,two_pairs,4,2545,6,0.320347540483872,0.0004997501249375312,0.0,5.010373908971666e-59,39.57815752076167,16.157715147560435,0.008051629335276705,0.0080940488529772,0.019826289642953604,0.0004997501249375312,0.0004997501249375312,0.9947591720199598,0.40610873140039633
ETTh2_h336_DLinear,2022,intact,4,2545,6,0.7193298546394923,0.0004997501249375312,0.0,1.5771499898931631e-288,88.87144959285786,36.281617367329595,0.00793588754477765,0.0080940488529772,0.019826289642953604,0.0004997501249375312,0.0004997501249375312,0.9804595560179532,0.40027093761328747
ETTh2_h336_DLinear,2022,independent,4,2545,6,-0.0028193937436429973,0.6146926536731634,0.6362035249846552,0.5565408835533695,-0.34832922247633225,-0.14220480959456924,0.007941932778558584,0.0080940488529772,0.019826289642953604,0.021510871311491764,0.05815177011979389,0.9812064299114449,0.4005758476034975
ETTh2_h336_DLinear,2022,all_shared,4,2545,6,0.7193298546394923,0.0004997501249375312,0.0,1.5771499898931631e-288,88.87144959285786,36.281617367329595,0.008141181013614706,0.0080940488529772,0.019826289642953604,0.0004997501249375312,0.0004997501249375312,1.0058230635240322,0.4106255461928115
ETTh2_h336_DLinear,2022,shared_k3,4,2545,6,0.35561694998240384,0.0004997501249375312,0.0,3.0519914470615247e-72,43.93560706661644,17.93663647543818,0.008021668810830457,0.0080940488529772,0.019826289642953604,0.0004997501249375312,0.0004997501249375312,0.991057622277617,0.404597580046018
ETTh2_h336_DLinear,2022,shared_k2,4,2545,6,0.15056433531194705,0.0004997501249375312,1.551853728109569e-77,1.5487843529344407e-14,18.601856505544266,7.594176117842535,0.008286953635483594,0.0080940488529772,0.019826289642953604,0.0004997501249375312,0.0004997501249220434,1.0238329155173604,0.41797803748059503
ETTh2_h336_DLinear,2022,two_pairs,4,2545,6,0.31741251455239144,0.0004997501249375312,0.0,5.4687127803320635e-58,39.21554222342492,16.009678072326658,0.008133884245048502,0.0080940488529772,0.019826289642953604,0.0004997501249375312,0.0004997501249375312,1.004921565559448,0.4102575111899134
ETTh2_h336_DLinear,2023,intact,4,2545,6,0.6921996532769312,0.0004997501249375312,0.0,2.3421259746880567e-267,85.5195793663047,34.913222077482544,0.007951203417310976,0.0080940488529772,0.019826289642953604,0.0004997501249375312,0.0004997501249375312,0.9823517947246289,0.4010434408304373
ETTh2_h336_DLinear,2023,independent,4,2545,6,-0.00771685687772971,0.8265867066466767,0.8298059883574699,0.6514445714648929,-0.9533988511684421,-0.38922345111972745,0.008177069178955883,0.0080940488529772,0.019826289642953604,0.0032192817107932203,0.1751421351817838,1.0102569588455284,0.41243567637790807
ETTh2_h336_DLinear,2023,all_shared,4,2545,6,0.6921996532769312,0.0004997501249375312,0.0,2.3421259746880567e-267,85.5195793663047,34.913222077482544,0.00799362538933595,0.0080940488529772,0.019826289642953604,0.0004997501249375312,0.0004997501249375312,0.9875929259304739,0.4031831236853204
ETTh2_h336_DLinear,2023,shared_k3,4,2545,6,0.33901374977758025,0.0004997501249375312,0.0,7.522391258062254e-66,41.88432216502896,17.09920292111076,0.008331874444999257,0.0080940488529772,0.019826289642953604,0.0004997501249375312,0.0004997501249375312,1.0293827720022444,0.4202437569028687
ETTh2_h336_DLinear,2023,shared_k2,4,2545,6,0.14521791562385608,0.0004997501249375312,2.8053496215605894e-72,1.1988393771144395e-13,17.94131938929936,7.324512969347621,0.008033915172721113,0.0080940488529772,0.019826289642953604,0.0004997501249375312,0.0004997501248176473,0.9925706304288033,0.4052152630371977
ETTh2_h336_DLinear,2023,two_pairs,4,2545,6,0.3196430445370556,0.0004997501249375312,0.0,8.91025770354279e-59,39.49111876431072,16.122181724035233,0.008093392096238137,0.0080940488529772,0.019826289642953604,0.0004997501249375312,0.0004997501249375312,0.999918859306264,0.40821516491435816
ETTh2_h96_DLinear,2021,intact,4,2785,6,0.9149854984920441,0.0004997501249375312,0.0,0.0,118.25634493242663,48.27795065516809,0.007750156422217033,0.007737305757377162,0.018952451089472584,0.0004997501249375312,0.0004997501249375312,1.001660870753055,0.4089263381094792
ETTh2_h96_DLinear,2021,independent,4,2785,6,-0.003332998221349312,0.6521739130434783,0.6666821464495315,0.5697984526637008,-0.43076987337245304,-0.17586106438763874,0.007681254055223015,0.007737305757377162,0.018952451089472584,0.014508233406053228,0.0823754603797775,0.9927556563083081,0.4052907995361972
ETTh2_h96_DLinear,2021,all_shared,4,2785,6,0.9149854984920441,0.0004997501249375312,0.0,0.0,118.25634493242663,48.27795065516809,0.007834760834758965,0.007737305757377162,0.018952451089472584,0.0004997501249375312,0.0004997501249375312,1.0125954796718333,0.4133903735074614
ETTh2_h96_DLinear,2021,shared_k3,4,2785,6,0.4570066494818905,0.0004997501249375312,0.0,9.059311958260846e-129,59.06534700999193,24.113326942484054,0.007732601904994748,0.007737305757377162,0.018952451089472584,0.0004997501249375312,0.0004997501249375312,0.9993920555126145,0.408000098166191
ETTh2_h96_DLinear,2021,shared_k2,4,2785,6,0.1587202570422618,0.0004997501249375312,8.133748252748468e-94,2.7692720837993085e-17,20.513633817679935,8.374655937269523,0.007852052023428285,0.007737305757377162,0.018952451089472584,0.0004997501249375312,0.0004997501249375036,1.0148302612885265,0.41430271928203644
ETTh2_h96_DLinear,2021,two_pairs,4,2785,6,0.3015928403268664,0.0004997501249375312,0.0,2.568917058571317e-57,38.97905159548744,15.91313117776046,0.007728281958350014,0.007737305757377162,0.018952451089472584,0.0004997501249375312,0.0004997501249375312,0.9988337285212564,0.40777216212644923
ETTh2_h96_DLinear,2022,intact,4,2785,6,0.8932217652279144,0.0004997501249375312,0.0,0.0,115.44351396172614,47.1296172200158,0.007850004269172282,0.007737305757377162,0.018952451089472584,0.0004997501249375312,0.0004997501249375312,1.0145656014288524,0.41419467234677004
ETTh2_h96_DLinear,2022,independent,4,2785,6,0.00046543405236896634,0.47926036981509246,0.4760162768053997,0.49020376524726966,0.060154537892624524,0.024557987258307632,0.007772164893702588,0.007737305757377162,0.018952451089472584,0.00324409300969275,0.010943395432177205,1.004505332659523,0.41008758482008434
ETTh2_h96_DLinear,2022,all_shared,4,2785,6,0.8932217652279144,0.0004997501249375312,0.0,0.0,115.44351396172614,47.1296172200158,0.007610426191395913,0.007737305757377162,0.018952451089472584,0.0004997501249375312,0.0004997501249375312,0.9836015830367987,0.4015536647723225
ETTh2_h96_DLinear,2022,shared_k3,4,2785,6,0.45080111734501976,0.0004997501249375312,0.0,2.336869365813243e-125,58.26331949143949,23.785900579130043,0.007789642162457636,0.007737305757377162,0.018952451089472584,0.0004997501249375312,0.0004997501249375312,1.0067641640025113,0.4110097488543055
ETTh2_h96_DLinear,2022,shared_k2,4,2785,6,0.14158014834313515,0.0004997501249375312,4.2624360286028706e-75,4.0011664782589854e-14,18.298378373912012,7.470281689410501,0.007701698358581138,0.007737305757377162,0.018952451089472584,0.0004997501249375312,0.0004997501248975196,0.9953979589391212,0.4063695150681148
ETTh2_h96_DLinear,2022,two_pairs,4,2785,6,0.31823972182971744,0.0004997501249375312,0.0,1.4086309530374375e-63,41.13056040551204,16.791480971370945,0.007598566324720672,0.007737305757377162,0.018952451089472584,0.0004997501249375312,0.0004997501249375312,0.9820687669575152,0.40092789522835953
ETTh2_h96_DLinear,2023,intact,4,2785,6,0.9099065449331124,0.0004997501249375312,0.0,0.0,117.59992088532351,48.00996666011887,0.007695268019200413,0.007737305757377162,0.018952451089472584,0.0004997501249375312,0.0004997501249375312,0.9945668764431769,0.4060302270599111
ETTh2_h96_DLinear,2023,independent,4,2785,6,-0.015164898644114655,0.9765117441279361,0.9750004382780582,0.7881895030029474,-1.9599714835691517,-0.8001550075250277,0.0076334029490075965,0.007737305757377162,0.018952451089472584,0.0015113058498779086,0.18832224112498863,0.9865711900721387,0.40276600176784955
ETTh2_h96_DLinear,2023,all_shared,4,2785,6,0.9099065449331124,0.0004997501249375312,0.0,0.0,117.59992088532351,48.00996666011887,0.007816015870321569,0.007737305757377162,0.018952451089472584,0.0004997501249375312,0.0004997501249375312,1.0101728063246513,0.41240132125512197
ETTh2_h96_DLinear,2023,shared_k3,4,2785,6,0.44964332617803754,0.0004997501249375312,0.0,9.999866885723183e-125,58.113681981524834,23.724811321518118,0.007385257520141686,0.007737305757377162,0.018952451089472584,0.0004997501249375312,0.0004997501249375312,0.9544998933382186,0.38967294970326743
ETTh2_h96_DLinear,2023,shared_k2,4,2785,6,0.1531065828893093,0.0004997501249375312,1.8849249752020384e-87,3.2795388877950894e-16,19.788100365987127,8.078458145941587,0.007708461112882836,0.007737305757377162,0.018952451089472584,0.0004997501249375312,0.0004997501249372032,0.9962720040542764,0.4067263424921652
ETTh2_h96_DLinear,2023,two_pairs,4,2785,6,0.31103794118342354,0.0004997501249375312,0.0,7.913792640050494e-61,40.199773789069056,16.411488926421455,0.00797819734519273,0.007737305757377162,0.018952451089472584,0.0004997501249375312,0.0004997501249375312,1.0311337816249395,0.42095860358791987
ETTm1_h336_DLinear,2021,intact,4,11185,6,0.9750220388229889,0.0004997501249375312,0.0,0.0,252.573996829226,103.11290242115668,0.003835484955077601,0.003860342121767329,0.009455868430902922,0.0004997501249375312,0.0004997501249375312,0.9935608902253596,0.40561953490625696
ETTm1_h336_DLinear,2021,independent,4,11185,6,-0.0012687770027915255,0.6191904047976012,0.6287972731003288,0.5533694020854107,-0.3286695745533192,-0.13417879193887775,0.0039535162742664505,0.003860342121767329,0.009455868430902922,0.009606868302727611,0.06582100271219049,1.0241362422189837,0.41810187008798483
ETTm1_h336_DLinear,2021,all_shared,4,11185,6,0.9750220388229889,0.0004997501249375312,0.0,0.0,252.573996829226,103.11290242115668,0.003865709775459073,0.003860342121767329,0.009455868430902922,0.0004997501249375312,0.0004997501249375312,1.0013904606178496,0.40881594363405754
ETTm1_h336_DLinear,2021,shared_k3,4,11185,6,0.4979989152881985,0.0004997501249375312,0.0,0.0,129.00382908554394,52.665592687465676,0.0038298099941632946,0.003860342121767329,0.009455868430902922,0.0004997501249375312,0.0004997501249375312,0.9920908233931204,0.40501938263512766
ETTm1_h336_DLinear,2021,shared_k2,4,11185,6,0.15929759600908935,0.0004997501249375312,0.0,5.572404423743217e-64,41.265149819457,16.846426869528507,0.003788188755744601,0.003860342121767329,0.009455868430902922,0.0004997501249375312,0.0004997501249375312,0.9813090747537955,0.4006177521849122
ETTm1_h336_DLinear,2021,two_pairs,4,11185,6,0.34054321397145393,0.0004997501249375312,0.0,2.5296932538479845e-284,88.21581176736417,36.01395434590836,0.003890425385915122,0.003860342121767329,0.009455868430902922,0.0004997501249375312,0.0004997501249375312,1.0077929010431905,0.4114297289924997
ETTm1_h336_DLinear,2022,intact,4,11185,6,0.9757026221729724,0.0004997501249375312,0.0,0.0,252.75029813323374,103.18487712712438,0.003852730316150204,0.003860342121767329,0.009455868430902922,0.0004997501249375312,0.0004997501249375312,0.9980282043982049,0.4074433082802861
ETTm1_h336_DLinear,2022,independent,4,11185,6,-0.004581175575523233,0.8760619690154923,0.88233251051969,0.6859772389211607,-1.1867278678983755,-0.48447962331533684,0.003957012536734713,0.003860342121767329,0.009455868430902922,0.006270541504197702,0.19008473009433158,1.0250419294244124,0.4184716153412962
ETTm1_h336_DLinear,2022,all_shared,4,11185,6,0.9757026221729724,0.0004997501249375312,0.0,0.0,252.75029813323374,103.18487712712438,0.003937367178741614,0.003860342121767329,0.009455868430902922,0.0004997501249375312,0.0004997501249375312,1.0199529094947217,0.41639403165486333
ETTm1_h336_DLinear,2022,shared_k3,4,11185,6,0.4930887431217515,0.0004997501249375312,0.0,0.0,127.73187649389149,52.146320216372494,0.003766747943219869,0.003860342121767329,0.009455868430902922,0.0004997501249375312,0.0004997501249375312,0.9757549523862897,0.39835029122335086
ETTm1_h336_DLinear,2022,shared_k2,4,11185,6,0.16711482799307445,0.0004997501249375312,0.0,3.3769291162448883e-70,43.290159970735054,17.67313380195974,0.0038050792450344635,0.003860342121767329,0.009455868430902922,0.0004997501249375312,0.0004997501249375312,0.9856844613794061,0.4024039962949362
ETTm1_h336_DLinear,2022,two_pairs,4,11185,6,0.3281878631370736,0.0004997501249375312,0.0,3.0546757789424484e-264,85.01522735161716,34.70732122969435,0.0037449929268573616,0.003860342121767329,0.009455868430902922,0.0004997501249375312,0.0004997501249375312,0.9701194372748604,0.39604960181322657
ETTm1_h336_DLinear,2023,intact,4,11185,6,0.9752753422954775,0.0004997501249375312,0.0,0.0,252.63961367470205,103.13969038614789,0.003925593317696297,0.003860342121767329,0.009455868430902922,0.0004997501249375312,0.0004997501249375312,1.0169029567511738,0.4151488936613144
ETTm1_h336_DLinear,2023,independent,4,11185,6,0.005051411842140748,0.09795102448775612,0.09534511873416901,0.2965984048285058,1.3085399383793808,0.5342091928470708,0.003804788307817732,0.003860342121767329,0.009455868430902922,0.002605905753587115,0.1986473803407497,0.9856090957233181,0.40237322839467854
ETTm1_h336_DLinear,2023,all_shared,4,11185,6,0.9752753422954775,0.0004997501249375312,0.0,0.0,252.63961367470205,103.13969038614789,0.0038904623675727872,0.003860342121767329,0.009455868430902922,0.0004997501249375312,0.0004997501249375312,1.007802480934428,0.4114336399667201
ETTm1_h336_DLinear,2023,shared_k3,4,11185,6,0.49404047444159366,0.0004997501249375312,0.0,0.0,127.97841716044942,52.24697002202459,0.00390494375599591,0.003860342121767329,0.009455868430902922,0.0004997501249375312,0.0004997501249375312,1.0115538034769214,0.4129651109816716
ETTm1_h336_DLinear,2023,shared_k2,4,11185,6,0.161377880608294,0.0004997501249375312,0.0,1.319329458288285e-65,41.80403589058384,17.066426186820827,0.003920022856332382,0.003860342121767329,0.009455868430902922,0.0004997501249375312,0.0004997501249375312,1.0154599599420298,0.41455979268083654
ETTm1_h336_DLinear,2023,two_pairs,4,11185,6,0.32008532213751856,0.0004997501249375312,0.0,1.7876439892019248e-251,82.91630949823126,33.85044160422548,0.003836919555234136,0.003860342121767329,0.009455868430902922,0.0004997501249375312,0.0004997501249375312,0.9939325153589056,0.4057712502317205
ETTm1_h96_DLinear,2021,intact,4,11425,6,0.9635741753975431,0.0004997501249375312,0.0,0.0,252.27247873222314,102.98980817351134,0.003782656737896619,0.0038195770709508804,0.009356014857063997,0.0004997501249375312,0.0004997501249375312,0.9903339211728303,0.404302130307182
ETTm1_h96_DLinear,2021,independent,4,11425,6,-4.232650240736268e-05,0.519240379810095,0.5044207736854482,0.501804804080697,-0.01108146310995252,-0.00452398837047648,0.0038452432044044247,0.0038195770709508804,0.009356014857063997,0.014819606124646723,0.017435575729397912,1.006719627062573,0.4109915667247131
ETTm1_h96_DLinear,2021,all_shared,4,11425,6,0.9635741753975431,0.0004997501249375312,0.0,0.0,252.27247873222314,102.98980817351134,0.003859293144517649,0.0038195770709508804,0.009356014857063997,0.0004997501249375312,0.0004997501249375312,1.0103980291087258,0.41249326807169373
ETTm1_h96_DLinear,2021,shared_k3,4,11425,6,0.4989325181516833,0.0004997501249375312,0.0,0.0,130.62506892352732,53.32746107975431,0.0038859199010722214,0.0038195770709508804,0.009356014857063997,0.0004997501249375312,0.0004997501249375312,1.0173691560319333,0.4153392187206999
ETTm1_h96_DLinear,2021,shared_k2,4,11425,6,0.16780650259386187,0.0004997501249375312,0.0,3.1048822855411334e-72,43.93326786624745,17.93568150088649,0.003911745722518658,0.0038195770709508804,0.009356014857063997,0.0004997501249375312,0.0004997501249375312,1.0241305908627294,0.41809956293145517
ETTm1_h96_DLinear,2021,two_pairs,4,11425,6,0.3213387881681507,0.0004997501249375312,0.0,8.166651856852545e-259,84.12941595341437,34.345690240704656,0.003876038485147455,0.0038195770709508804,0.009356014857063997,0.0004997501249375312,0.0004997501249375312,1.0147821115133353,0.4142830622186283
ETTm1_h96_DLinear,2022,intact,4,11425,6,0.9653578107133658,0.0004997501249375312,0.0,0.0,252.7394506724905,103.18044866982008,0.0038369981072266597,0.0038195770709508804,0.009356014857063997,0.0004997501249375312,0.0004997501249375312,1.0045609856673066,0.41011030506537105
ETTm1_h96_DLinear,2022,independent,4,11425,6,-0.0027080345200399514,0.7561219390304847,0.7608340553936123,0.6138788652028423,-0.7089880554146767,-0.28944316158234035,0.003918038234720525,0.0038195770709508804,0.009356014857063997,0.0047121163631275165,0.14224307382764245,1.0257780277608413,0.4187721262287564
ETTm1_h96_DLinear,2022,all_shared,4,11425,6,0.9653578107133658,0.0004997501249375312,0.0,0.0,252.7394506724905,103.18044866982008,0.003822567446437036,0.0038195770709508804,0.009356014857063997,0.0004997501249375312,0.0004997501249375312,1.0007829074870354,0.4085679111070365
ETTm1_h96_DLinear,2022,shared_k3,4,11425,6,0.49956653952983415,0.0004997501249375312,0.0,0.0,130.79106148405785,53.39522725882061,0.003761714115085089,0.0038195770709508804,0.009356014857063997,0.0004997501249375312,0.0004997501249375312,0.984850952136597,0.40206371757147347
ETTm1_h96_DLinear,2022,shared_k2,4,11425,6,0.17219926352377493,0.0004997501249375312,0.0,5.967880468966219e-76,45.08333261119564,18.405193466934342,0.0038334669752788444,0.0038195770709508804,0.009356014857063997,0.0004997501249375312,0.0004997501249375312,1.0036365032227261,0.40973288668780733
ETTm1_h96_DLinear,2022,two_pairs,4,11425,6,0.32296226971987996,0.0004997501249375312,0.0,2.065524089409236e-261,84.55445818232404,34.51921300403198,0.0037627474343448816,0.0038195770709508804,0.009356014857063997,0.0004997501249375312,0.0004997501249375312,0.9851214845124591,0.4021741619514343
ETTm1_h96_DLinear,2023,intact,4,11425,6,0.9650506706633605,0.0004997501249375312,0.0,0.0,252.6590386152653,103.14762058492522,0.003769080959237959,0.0038195770709508804,0.009356014857063997,0.0004997501249375312,0.0004997501249375312,0.9867796589059662,0.40285110881287456
ETTm1_h96_DLinear,2023,independent,4,11425,6,-0.002027461285900976,0.7031484257871065,0.7022240113645168,0.5857794618912826,-0.5308077957951092,-0.2167013751982446,0.0038643396904836547,0.0038195770709508804,0.009356014857063997,0.0009244144225896145,0.11736896389582385,1.01171926071952,0.4130326586181074
ETTm1_h96_DLinear,2023,all_shared,4,11425,6,0.9650506706633605,0.0004997501249375312,0.0,0.0,252.6590386152653,103.14762058492522,0.0038384890711181748,0.0038195770709508804,0.009356014857063997,0.0004997501249375312,0.0004997501249375312,1.004951333568087,0.41026966392855085
ETTm1_h96_DLinear,2023,shared_k3,4,11425,6,0.49611884406059986,0.0004997501249375312,0.0,0.0,129.88842346807039,53.02672683188604,0.003847416949199711,0.0038195770709508804,0.009356014857063997,0.0004997501249375312,0.0004997501249375312,1.007288733210952,0.41122390333688136
ETTm1_h96_DLinear,2023,shared_k2,4,11425,6,0.17054677409838356,0.0004997501249375312,0.0,1.5311120327767407e-74,44.65069585725785,18.22857025174741,0.003854887368538169,0.0038195770709508804,0.009356014857063997,0.0004997501249375312,0.0004997501249375312,1.0092445569054844,0.41202236501662287
ETTm1_h96_DLinear,2023,two_pairs,4,11425,6,0.3201001071458274,0.0004997501249375312,0.0,7.66869613373305e-257,83.80511800122905,34.21329615612407,0.003800606538419177,0.0038195770709508804,0.009356014857063997,0.0004997501249375312,0.0004997501249375312,0.9950333421268076,0.40622066087781333
ETTm2_h336_DLinear,2021,intact,4,11185,6,0.8602735034806589,0.0004997501249375312,0.0,0.0,222.8490316000312,90.97773618224012,0.003867140204529568,0.003860342121767329,0.009455868430902922,0.0004997501249375312,0.0004997501249375312,1.0017610052549246,0.4089672178486839
ETTm2_h336_DLinear,2021,independent,4,11185,6,-0.0033294893754576044,0.8020989505247377,0.8057898148262548,0.6376214628212352,-0.8624855700440636,-0.35210825952023933,0.003885129474833258,0.003860342121767329,0.009455868430902922,0.003690864301517105,0.16447748770350246,1.0064210249465093,0.41086966292130134
ETTm2_h336_DLinear,2021,all_shared,4,11185,6,0.8602735034806589,0.0004997501249375312,0.0,0.0,222.8490316000312,90.97773618224012,0.003822216266578234,0.003860342121767329,0.009455868430902922,0.0004997501249375312,0.0004997501249375312,0.9901237108042538,0.4042163122835729
ETTm2_h336_DLinear,2021,shared_k3,4,11185,6,0.4253365370314988,0.0004997501249375312,0.0,0.0,110.18104707174831,44.98122410855967,0.00384460786670152,0.003860342121767329,0.009455868430902922,0.0004997501249375312,0.0004997501249375312,0.9959241293726045,0.406584323248077
ETTm2_h336_DLinear,2021,shared_k2,4,11185,6,0.15086038433424945,0.0004997501249375312,0.0,1.3327991303851877e-57,39.07953740255101,15.954154336710044,0.003862167305695297,0.003860342121767329,0.009455868430902922,0.0004997501249375312,0.0004997501249375312,1.0004728036713835,0.4084413117544304
ETTm2_h336_DLinear,2021,two_pairs,4,11185,6,0.31114767303799534,0.0004997501249375312,0.0,9.245770606563343e-238,80.60106157004208,32.90524559554225,0.003908191606141055,0.003860342121767329,0.009455868430902922,0.0004997501249375312,0.0004997501249375312,1.0123951408617171,0.41330858553071786
ETTm2_h336_DLinear,2022,intact,4,11185,6,0.8742627294948386,0.0004997501249375312,0.0,0.0,226.47286222771018,92.45715884092066,0.0038174345199302514,0.003860342121767329,0.009455868430902922,0.0004997501249375312,0.0004997501249375312,0.9888850261236862,0.40371062138030744
ETTm2_h336_DLinear,2022,independent,4,11185,6,-0.0007757237397102997,0.5777111444277861,0.579629948336986,0.5326910459894192,-0.20094688896515744,-0.08203622389405722,0.003856387426710674,0.003860342121767329,0.009455868430902922,0.001918803909199851,0.04502009843836696,0.9989755584008071,0.40783006393231247
ETTm2_h336_DLinear,2022,all_shared,4,11185,6,0.8742627294948386,0.0004997501249375312,0.0,0.0,226.47286222771018,92.45715884092066,0.003870184105389256,0.003860342121767329,0.009455868430902922,0.0004997501249375312,0.0004997501249375312,1.0025495107198998,0.40928912385678146
ETTm2_h336_DLinear,2022,shared_k3,4,11185,6,0.44732239585832717,0.0004997501249375312,0.0,0.0,115.87636063032039,47.30632613250238,0.0038748194703172537,0.003860342121767329,0.009455868430902922,0.0004997501249375312,0.0004997501249375312,1.003750276035974,0.409779334244317
ETTm2_h336_DLinear,2022,shared_k2,4,11185,6,0.15625925804428034,0.0004997501249375312,0.0,1.210006497631661e-61,40.47808539123529,16.525109162222073,0.0038641712297273795,0.003860342121767329,0.009455868430902922,0.0004997501249375312,0.0004997501249375312,1.0009919089653891,0.408653235603279
ETTm2_h336_DLinear,2022,two_pairs,4,11185,6,0.31824139066362794,0.0004997501249375312,0.0,1.2980541576450298e-248,82.43864938010513,33.65543767757772,0.0038226374267386035,0.003860342121767329,0.009455868430902922,0.0004997501249375312,0.0004997501249375312,0.9902328099843483,0.4042608518373375
ETTm2_h336_DLinear,2023,intact,4,11185,6,0.8609231708791135,0.0004997501249375312,0.0,0.0,223.01732429999458,91.04644138929773,0.0037961794743466165,0.003860342121767329,0.009455868430902922,0.0004997501249375312,0.0004997501249375312,0.9833790256415569,0.40146280609618495
ETTm2_h336_DLinear,2023,independent,4,11185,6,0.004997337128780873,0.09345327336331834,0.09774082945411738,0.2985794513864013,1.2945321868241588,0.528490552221409,0.00391414557580706,0.003860342121767329,0.009455868430902922,0.004287556090799047,0.20512617802308297,1.0139374833480042,0.4139382442140543
ETTm2_h336_DLinear,2023,all_shared,4,11185,6,0.8609231708791135,0.0004997501249375312,0.0,0.0,223.01732429999458,91.04644138929773,0.003882501841403438,0.003860342121767329,0.009455868430902922,0.0004997501249375312,0.0004997501249375312,1.0057403512272025,0.41059177903903066
ETTm2_h336_DLinear,2023,shared_k3,4,11185,6,0.42070985459425647,0.0004997501249375312,0.0,0.0,108.98253090626291,44.49193193290695,0.003874968965449967,0.003860342121767329,0.009455868430902922,0.0004997501249375312,0.0004997501249375312,1.0037890019125926,0.40979514401724326
ETTm2_h336_DLinear,2023,shared_k2,4,11185,6,0.15394436673448633,0.0004997501249375312,0.0,6.810075602169729e-60,39.87842576605828,16.28029914538336,0.0038187655604483427,0.003860342121767329,0.009455868430902922,0.0004997501249375312,0.0004997501249375312,0.9892298247130615,0.40385138481497423
ETTm2_h336_DLinear,2023,two_pairs,4,11185,6,0.3105401969490263,0.0004997501249375312,0.0,7.655385652989882e-237,80.4436982924342,32.84100230647704,0.003800615707613222,0.003860342121767329,0.009455868430902922,0.0004997501249375312,0.0004997501249375312,0.9845282070163348,0.40193195742787097
ETTm2_h96_DLinear,2021,intact,4,11425,6,0.9278753341988578,0.0004997501249375312,0.0,0.0,242.92619757712183,99.1742048697466,0.0038961763659709596,0.0038195770709508804,0.009356014857063997,0.0004997501249375312,0.0004997501249375312,1.0200543917813942,0.41643546162490974
ETTm2_h96_DLinear,2021,independent,4,11425,6,-0.0023388012617279403,0.7146426786606697,0.729836782174352,0.5986979586426225,-0.612319431780885,-0.24997836124235032,0.0038097584105183722,0.0038195770709508804,0.009356014857063997,0.015194103513682333,0.11594472001804712,0.9974293854397697,0.4071988414642075
ETTm2_h96_DLinear,2021,all_shared,4,11425,6,0.9278753341988578,0.0004997501249375312,0.0,0.0,242.92619757712183,99.1742048697466,0.0037695208292764354,0.0038195770709508804,0.009356014857063997,0.0004997501249375312,0.0004997501249375312,0.9868948208807884,0.40289812349222215
ETTm2_h96_DLinear,2021,shared_k3,4,11425,6,0.46912340018613685,0.0004997501249375312,0.0,0.0,122.82077085287062,50.14136973413829,0.0038780903033572285,0.0038195770709508804,0.009356014857063997,0.0004997501249375312,0.0004997501249375312,1.015319296173223,0.4145023669376909
ETTm2_h96_DLinear,2021,shared_k2,4,11425,6,0.1476787840271267,0.0004997501249375312,0.0,1.9931006730852803e-56,38.66364816939332,15.78436826825109,0.0036494753169821225,0.0038195770709508804,0.009356014857063997,0.0004997501249375312,0.0004997501249375312,0.9554658144582454,0.39006728534924123
ETTm2_h96_DLinear,2021,two_pairs,4,11425,6,0.31027642391122834,0.0004997501249375312,0.0,1.8205567836794022e-241,81.23318842575031,33.163310303741426,0.003843805637352396,0.0038195770709508804,0.009356014857063997,0.0004997501249375312,0.0004997501249375312,1.0063432589397874,0.4108379150820008
ETTm2_h96_DLinear,2022,intact,4,11425,6,0.9382428337239183,0.0004997501249375312,0.0,0.0,245.640503201142,100.28231550054929,0.003828778312226302,0.0038195770709508804,0.009356014857063997,0.0004997501249375312,0.0004997501249375312,1.002408968612101,0.40923174778153437
ETTm2_h96_DLinear,2022,independent,4,11425,6,-0.003369411322639079,0.8070964517741129,0.8111501280967258,0.640626227042248,-0.882142514747128,-0.3601331735910081,0.0038160201786342704,0.0038195770709508804,0.009356014857063997,0.004053676322612887,0.1664702247318649,0.9990687732566882,0.4078681187378717
ETTm2_h96_DLinear,2022,all_shared,4,11425,6,0.9382428337239183,0.0004997501249375312,0.0,0.0,245.640503201142,100.28231550054929,0.0038428655726818147,0.0038195770709508804,0.009356014857063997,0.0004997501249375312,0.0004997501249375312,1.006097141463135,0.4107374380429042
ETTm2_h96_DLinear,2022,shared_k3,4,11425,6,0.4754940306682154,0.0004997501249375312,0.0,0.0,124.48865982689586,50.82228255646761,0.0037675459256510707,0.0038195770709508804,0.009356014857063997,0.0004997501249375312,0.0004997501249375312,0.9863777731583103,0.4026870396434322
ETTm2_h96_DLinear,2022,shared_k2,4,11425,6,0.1575521377772843,0.0004997501249375312,0.0,6.24729505638286e-64,41.24858193738759,16.839663059997065,0.003906953419230305,0.0038195770709508804,0.009356014857063997,0.0004997501249375312,0.0004997501249375312,1.0228759222962014,0.4175873466340714
ETTm2_h96_DLinear,2022,two_pairs,4,11425,6,0.31333336205125034,0.0004997501249375312,0.0,3.3645257618020477e-246,82.03352262067231,33.490045370618105,0.003864060345443745,0.0038195770709508804,0.009356014857063997,0.0004997501249375312,0.0004997501249375312,1.0116461256486156,0.4130028013504376
ETTm2_h96_DLinear,2023,intact,4,11425,6,0.9230454724337486,0.0004997501249375312,0.0,0.0,241.6616958599443,98.65797420542026,0.0038065877583254096,0.0038195770709508804,0.009356014857063997,0.0004997501249375312,0.0004997501249375312,0.9965992798720417,0.40685995228527794
ETTm2_h96_DLinear,2023,independent,4,11425,6,-0.0029914914777766934,0.7896051974012993,0.7832450638439439,0.625417253815848,-0.7831996637868507,-0.3197399238328541,0.003790352904636912,0.0038195770709508804,0.009356014857063997,0.00636013355735543,0.1641879435854513,0.9923488475893765,0.4051247205721475
ETTm2_h96_DLinear,2023,all_shared,4,11425,6,0.9230454724337486,0.0004997501249375312,0.0,0.0,241.6616958599443,98.65797420542026,0.0039049531624013546,0.0038195770709508804,0.009356014857063997,0.0004997501249375312,0.0004997501249375312,1.0223522368745448,0.41737355295593925
ETTm2_h96_DLinear,2023,shared_k3,4,11425,6,0.4637950406205524,0.0004997501249375312,0.0,0.0,121.4257578798092,49.571858072711045,0.003812612451875867,0.0038195770709508804,0.009356014857063997,0.0004997501249375312,0.0004997501249375312,0.9981765994125419,0.40750389029120243
ETTm2_h96_DLinear,2023,shared_k2,4,11425,6,0.1545553575997318,0.0004997501249375312,0.0,1.3310866255059206e-61,40.46399764392118,16.519357863464602,0.003753743912394089,0.0038195770709508804,0.009356014857063997,0.0004997501249375312,0.0004997501249375312,0.9827642806169631,0.40121183749082334
ETTm2_h96_DLinear,2023,two_pairs,4,11425,6,0.30890579521472356,0.0004997501249375312,0.0,2.330279534077148e-239,80.87434537296082,33.01681324089528,0.0037475654186865394,0.0038195770709508804,0.009356014857063997,0.0004997501249375312,0.0004997501249375312,0.9811466947971772,0.40055146084521714
