block_id,seed,val_order,n_arms,arms,n,variant,rho_bar,p,z_analytic,p_analytic,null_mean,null_sd
ETTh1_h192_DLinear,2021,deterministic,4.0,fredf|none|revin|san_lite,2689.0,index_order,0.9891283417809601,0.0004997501249375312,51.28227440422839,0.0,-8.104794063699288e-05,0.008001937363961377
ETTh1_h192_DLinear,2021,deterministic,4.0,fredf|none|revin|san_lite,2689.0,full_permutation,0.009936437947603271,0.09995002498750624,0.5151638224338944,0.3032192736113079,-0.00017714245209455424,0.007812863149204579
ETTh1_h192_DLinear,2021,deterministic,2.0,fredf|none|revin|san_lite,2689.0,pair:fredf~none,0.9946830153836941,0.0,,,,
ETTh1_h192_DLinear,2021,deterministic,2.0,fredf|none|revin|san_lite,2689.0,pair:fredf~revin,0.9867739667143751,0.0,,,,
ETTh1_h192_DLinear,2021,deterministic,2.0,fredf|none|revin|san_lite,2689.0,pair:fredf~san_lite,0.9866509771522499,0.0,,,,
ETTh1_h192_DLinear,2021,deterministic,2.0,fredf|none|revin|san_lite,2689.0,pair:none~revin,0.9900686911421133,0.0,,,,
ETTh1_h192_DLinear,2021,deterministic,2.0,fredf|none|revin|san_lite,2689.0,pair:none~san_lite,0.983738411379783,0.0,,,,
ETTh1_h192_DLinear,2021,deterministic,2.0,fredf|none|revin|san_lite,2689.0,pair:revin~san_lite,0.9928549889135473,0.0,,,,
ETTh1_h336_DLinear,2021,deterministic,4.0,fredf|none|revin|san_lite,2545.0,index_order,0.9760474839328088,0.0004997501249375312,49.22996190967596,0.0,1.9107950481792534e-05,0.008119363093506932
ETTh1_h336_DLinear,2021,deterministic,4.0,fredf|none|revin|san_lite,2545.0,full_permutation,-0.004801160445717814,0.7206396801599201,-0.2421613187429741,0.5956724168579726,-2.3105234853684904e-05,0.00815862232649328
ETTh1_h336_DLinear,2021,deterministic,2.0,fredf|none|revin|san_lite,2545.0,pair:fredf~none,0.993967034841157,0.0,,,,
ETTh1_h336_DLinear,2021,deterministic,2.0,fredf|none|revin|san_lite,2545.0,pair:fredf~revin,0.9717591997958837,0.0,,,,
ETTh1_h336_DLinear,2021,deterministic,2.0,fredf|none|revin|san_lite,2545.0,pair:fredf~san_lite,0.9678772823746729,0.0,,,,
ETTh1_h336_DLinear,2021,deterministic,2.0,fredf|none|revin|san_lite,2545.0,pair:none~revin,0.9690154564472757,0.0,,,,
ETTh1_h336_DLinear,2021,deterministic,2.0,fredf|none|revin|san_lite,2545.0,pair:none~san_lite,0.9602591349455082,0.0,,,,
ETTh1_h336_DLinear,2021,deterministic,2.0,fredf|none|revin|san_lite,2545.0,pair:revin~san_lite,0.993406795192355,0.0,,,,
ETTh1_h336_DLinear,2021,shuffled,4.0,fredf|none|revin|san_lite,2545.0,index_order,0.9755452794976435,0.0004997501249375312,49.20463168177102,0.0,2.1374553213162867e-05,0.008120508647063984
ETTh1_h336_DLinear,2021,shuffled,4.0,fredf|none|revin|san_lite,2545.0,full_permutation,-0.0036051719239762973,0.6591704147926037,-0.18183795298570146,0.5721450505794207,-0.00018778812193566175,0.008108843478461594
ETTh1_h336_DLinear,2021,shuffled,2.0,fredf|none|revin|san_lite,2545.0,pair:fredf~none,0.9939139268821151,0.0,,,,
ETTh1_h336_DLinear,2021,shuffled,2.0,fredf|none|revin|san_lite,2545.0,pair:fredf~revin,0.9718453794147356,0.0,,,,
ETTh1_h336_DLinear,2021,shuffled,2.0,fredf|none|revin|san_lite,2545.0,pair:fredf~san_lite,0.9679506858013811,0.0,,,,
ETTh1_h336_DLinear,2021,shuffled,2.0,fredf|none|revin|san_lite,2545.0,pair:none~revin,0.9674289204958595,0.0,,,,
ETTh1_h336_DLinear,2021,shuffled,2.0,fredf|none|revin|san_lite,2545.0,pair:none~san_lite,0.958732873885152,0.0,,,,
ETTh1_h336_DLinear,2021,shuffled,2.0,fredf|none|revin|san_lite,2545.0,pair:revin~san_lite,0.9933998905066159,0.0,,,,
ETTh1_h336_DLinear,2022,deterministic,4.0,fredf|none|revin|san_lite,2545.0,index_order,0.9755094531731602,0.0004997501249375312,49.20282467072011,0.0,1.9852979874152395e-05,0.008118316672813155
ETTh1_h336_DLinear,2022,deterministic,4.0,fredf|none|revin|san_lite,2545.0,full_permutation,-0.003506089456473726,0.6601699150424788,-0.17684042347882342,0.5701831319654767,-8.241976406652427e-05,0.007989461133224032
ETTh1_h336_DLinear,2022,deterministic,2.0,fredf|none|revin|san_lite,2545.0,pair:fredf~none,0.9938461794743215,0.0,,,,
ETTh1_h336_DLinear,2022,deterministic,2.0,fredf|none|revin|san_lite,2545.0,pair:fredf~revin,0.9715024401265092,0.0,,,,
ETTh1_h336_DLinear,2022,deterministic,2.0,fredf|none|revin|san_lite,2545.0,pair:fredf~san_lite,0.9676118195457568,0.0,,,,
ETTh1_h336_DLinear,2022,deterministic,2.0,fredf|none|revin|san_lite,2545.0,pair:none~revin,0.967803146790459,0.0,,,,
ETTh1_h336_DLinear,2022,deterministic,2.0,fredf|none|revin|san_lite,2545.0,pair:none~san_lite,0.9589284006323765,0.0,,,,
ETTh1_h336_DLinear,2022,deterministic,2.0,fredf|none|revin|san_lite,2545.0,pair:revin~san_lite,0.9933647324695384,0.0,,,,
ETTh1_h336_DLinear,2022,shuffled,4.0,fredf|none|revin|san_lite,2545.0,index_order,0.9758315344719288,0.0004997501249375312,49.21906983330822,0.0,1.8719804947744278e-05,0.008118131439561433
ETTh1_h336_DLinear,2022,shuffled,4.0,fredf|none|revin|san_lite,2545.0,full_permutation,-0.0143939773498877,0.9660169915042479,-0.7260045933507996,0.7660820226690773,0.000161842301086709,0.008074559021740403
ETTh1_h336_DLinear,2022,shuffled,2.0,fredf|none|revin|san_lite,2545.0,pair:fredf~none,0.993906816542826,0.0,,,,
ETTh1_h336_DLinear,2022,shuffled,2.0,fredf|none|revin|san_lite,2545.0,pair:fredf~revin,0.9714817553843615,0.0,,,,
ETTh1_h336_DLinear,2022,shuffled,2.0,fredf|none|revin|san_lite,2545.0,pair:fredf~san_lite,0.9676253719505686,0.0,,,,
ETTh1_h336_DLinear,2022,shuffled,2.0,fredf|none|revin|san_lite,2545.0,pair:none~revin,0.9687709843095755,0.0,,,,
ETTh1_h336_DLinear,2022,shuffled,2.0,fredf|none|revin|san_lite,2545.0,pair:none~san_lite,0.9598776234015318,0.0,,,,
ETTh1_h336_DLinear,2022,shuffled,2.0,fredf|none|revin|san_lite,2545.0,pair:revin~san_lite,0.9933266552427088,0.0,,,,
ETTh1_h336_DLinear,2023,deterministic,4.0,fredf|none|revin|san_lite,2545.0,index_order,0.9744866217780214,0.0004997501249375312,49.15123501811447,0.0,2.3393989376653407e-05,0.008118939088462722
ETTh1_h336_DLinear,2023,deterministic,4.0,fredf|none|revin|san_lite,2545.0,full_permutation,-0.005759733668171921,0.7656171914042978,-0.290509912439364,0.6142869157075631,0.0002222727237398304,0.008085211221579982
ETTh1_h336_DLinear,2023,deterministic,2.0,fredf|none|revin|san_lite,2545.0,pair:fredf~none,0.9933440413484225,0.0,,,,
ETTh1_h336_DLinear,2023,deterministic,2.0,fredf|none|revin|san_lite,2545.0,pair:fredf~revin,0.9713904932137789,0.0,,,,
ETTh1_h336_DLinear,2023,deterministic,2.0,fredf|none|revin|san_lite,2545.0,pair:fredf~san_lite,0.9675765485078628,0.0,,,,
ETTh1_h336_DLinear,2023,deterministic,2.0,fredf|none|revin|san_lite,2545.0,pair:none~revin,0.9651597622320673,0.0,,,,
ETTh1_h336_DLinear,2023,deterministic,2.0,fredf|none|revin|san_lite,2545.0,pair:none~san_lite,0.956170943646068,0.0,,,,
ETTh1_h336_DLinear,2023,deterministic,2.0,fredf|none|revin|san_lite,2545.0,pair:revin~san_lite,0.9932779417199269,0.0,,,,
ETTh1_h336_DLinear,2023,shuffled,4.0,fredf|none|revin|san_lite,2545.0,index_order,0.9759556961294334,0.0004997501249375312,49.22533230902811,0.0,1.7541644168912114e-05,0.008119141200484518
ETTh1_h336_DLinear,2023,shuffled,4.0,fredf|none|revin|san_lite,2545.0,full_permutation,-0.002019215321531023,0.5807096451774113,-0.10184534564432059,0.5405602839328575,-0.00030962019042221666,0.00800169620716475
ETTh1_h336_DLinear,2023,shuffled,2.0,fredf|none|revin|san_lite,2545.0,pair:fredf~none,0.9937928866090084,0.0,,,,
ETTh1_h336_DLinear,2023,shuffled,2.0,fredf|none|revin|san_lite,2545.0,pair:fredf~revin,0.9715937132271265,0.0,,,,
ETTh1_h336_DLinear,2023,shuffled,2.0,fredf|none|revin|san_lite,2545.0,pair:fredf~san_lite,0.9678417206740748,0.0,,,,
ETTh1_h336_DLinear,2023,shuffled,2.0,fredf|none|revin|san_lite,2545.0,pair:none~revin,0.9689214095751274,0.0,,,,
ETTh1_h336_DLinear,2023,shuffled,2.0,fredf|none|revin|san_lite,2545.0,pair:none~san_lite,0.9601306156002384,0.0,,,,
ETTh1_h336_DLinear,2023,shuffled,2.0,fredf|none|revin|san_lite,2545.0,pair:revin~san_lite,0.9934538310910243,0.0,,,,
ETTh1_h336_PatchTST,2021,deterministic,3.0,fredf|none|san_lite,2545.0,index_order,0.9865483933989984,0.0004997501249375312,49.75960763034774,0.0,-0.00024199777054516143,0.011389357035732739
ETTh1_h336_PatchTST,2021,deterministic,3.0,fredf|none|san_lite,2545.0,full_permutation,0.00724692726159173,0.2518740629685157,0.3655211031463639,0.35736122847280116,-9.713712232777503e-05,0.011366247902083532
ETTh1_h336_PatchTST,2021,deterministic,2.0,fredf|none|san_lite,2545.0,pair:fredf~none,0.9834523200991173,0.0,,,,
ETTh1_h336_PatchTST,2021,deterministic,2.0,fredf|none|san_lite,2545.0,pair:fredf~san_lite,0.988454875339532,0.0,,,,
ETTh1_h336_PatchTST,2021,deterministic,2.0,fredf|none|san_lite,2545.0,pair:none~san_lite,0.9877379847583457,0.0,,,,
ETTh1_h336_iTransformer,2021,deterministic,3.0,fredf|none|san_lite,2545.0,index_order,0.9833377119943267,0.0004997501249375312,49.59766702206994,0.0,-0.00016679324938452644,0.011438674505996936
ETTh1_h336_iTransformer,2021,deterministic,3.0,fredf|none|san_lite,2545.0,full_permutation,0.010388768204304587,0.18340829585207397,0.5239895306380146,0.3001429108257547,0.00039164572407550743,0.011461836790850015
ETTh1_h336_iTransformer,2021,deterministic,2.0,fredf|none|san_lite,2545.0,pair:fredf~none,0.9880028056835005,0.0,,,,
ETTh1_h336_iTransformer,2021,deterministic,2.0,fredf|none|san_lite,2545.0,pair:fredf~san_lite,0.9835663981763547,0.0,,,,
ETTh1_h336_iTransformer,2021,deterministic,2.0,fredf|none|san_lite,2545.0,pair:none~san_lite,0.9784439321231244,0.0,,,,
ETTh1_h720_DLinear,2021,deterministic,4.0,fredf|none|revin|san_lite,2161.0,index_order,0.9597061453308311,0.0004997501249375312,44.603111017430685,0.0,0.00018107016989334855,0.008825167931958394
ETTh1_h720_DLinear,2021,deterministic,4.0,fredf|none|revin|san_lite,2161.0,full_permutation,-0.01860849050638913,0.9805097451274363,-0.8648444859516471,0.8064379246732019,-0.0002207176779633135,0.008671601716815181
ETTh1_h720_DLinear,2021,deterministic,2.0,fredf|none|revin|san_lite,2161.0,pair:fredf~none,0.9923423792743619,0.0,,,,
ETTh1_h720_DLinear,2021,deterministic,2.0,fredf|none|revin|san_lite,2161.0,pair:fredf~revin,0.9444063585643184,0.0,,,,
ETTh1_h720_DLinear,2021,deterministic,2.0,fredf|none|revin|san_lite,2161.0,pair:fredf~san_lite,0.9433949182969533,0.0,,,,
ETTh1_h720_DLinear,2021,deterministic,2.0,fredf|none|revin|san_lite,2161.0,pair:none~revin,0.9480552787030465,0.0,,,,
ETTh1_h720_DLinear,2021,deterministic,2.0,fredf|none|revin|san_lite,2161.0,pair:none~san_lite,0.9417538996478781,0.0,,,,
ETTh1_h720_DLinear,2021,deterministic,2.0,fredf|none|revin|san_lite,2161.0,pair:revin~san_lite,0.9882840374984274,0.0,,,,
ETTh1_h96_DLinear,2021,deterministic,4.0,fredf|none|revin|san_lite,2785.0,index_order,0.9879336362040618,0.0004997501249375312,52.12695875272956,0.0,6.745178745623537e-05,0.007776619239060193
ETTh1_h96_DLinear,2021,deterministic,4.0,fredf|none|revin|san_lite,2785.0,full_permutation,-0.016404987574919757,0.9815092453773113,-0.865586593389609,0.806641544879283,-0.0002846208254890973,0.007532270594448324
ETTh1_h96_DLinear,2021,deterministic,2.0,fredf|none|revin|san_lite,2785.0,pair:fredf~none,0.9956217102484056,0.0,,,,
ETTh1_h96_DLinear,2021,deterministic,2.0,fredf|none|revin|san_lite,2785.0,pair:fredf~revin,0.9853694213521462,0.0,,,,
ETTh1_h96_DLinear,2021,deterministic,2.0,fredf|none|revin|san_lite,2785.0,pair:fredf~san_lite,0.9878709008334648,0.0,,,,
ETTh1_h96_DLinear,2021,deterministic,2.0,fredf|none|revin|san_lite,2785.0,pair:none~revin,0.9903708020606432,0.0,,,,
ETTh1_h96_DLinear,2021,deterministic,2.0,fredf|none|revin|san_lite,2785.0,pair:none~san_lite,0.982968322389512,0.0,,,,
ETTh1_h96_DLinear,2021,deterministic,2.0,fredf|none|revin|san_lite,2785.0,pair:revin~san_lite,0.9854006603401989,0.0,,,,
ETTh1_h96_DLinear,2021,shuffled,4.0,fredf|none|revin|san_lite,2785.0,index_order,0.9877880230461855,0.0004997501249375312,52.11927567484223,0.0,6.811626708690294e-05,0.007775748846857884
ETTh1_h96_DLinear,2021,shuffled,4.0,fredf|none|revin|san_lite,2785.0,full_permutation,0.00286676383792365,0.35332333833083457,0.15126084876251367,0.4398849760163012,1.6568261196952164e-05,0.00783677927689852
ETTh1_h96_DLinear,2021,shuffled,2.0,fredf|none|revin|san_lite,2785.0,pair:fredf~none,0.9957686603735997,0.0,,,,
ETTh1_h96_DLinear,2021,shuffled,2.0,fredf|none|revin|san_lite,2785.0,pair:fredf~revin,0.9853976272959177,0.0,,,,
ETTh1_h96_DLinear,2021,shuffled,2.0,fredf|none|revin|san_lite,2785.0,pair:fredf~san_lite,0.9878592857201548,0.0,,,,
ETTh1_h96_DLinear,2021,shuffled,2.0,fredf|none|revin|san_lite,2785.0,pair:none~revin,0.9896505925032765,0.0,,,,
ETTh1_h96_DLinear,2021,shuffled,2.0,fredf|none|revin|san_lite,2785.0,pair:none~san_lite,0.9825663313081099,0.0,,,,
ETTh1_h96_DLinear,2021,shuffled,2.0,fredf|none|revin|san_lite,2785.0,pair:revin~san_lite,0.9854856410760544,0.0,,,,
ETTh1_h96_DLinear,2022,deterministic,4.0,fredf|none|revin|san_lite,2785.0,index_order,0.9882238969157996,0.0004997501249375312,52.14227395973722,0.0,6.369377229596211e-05,0.00777565097775627
ETTh1_h96_DLinear,2022,deterministic,4.0,fredf|none|revin|san_lite,2785.0,full_permutation,-0.009672063845735903,0.8980509745127436,-0.5103331384460552,0.6950909548796484,0.00021613966187752977,0.007783220291138818
ETTh1_h96_DLinear,2022,deterministic,2.0,fredf|none|revin|san_lite,2785.0,pair:fredf~none,0.995779861478223,0.0,,,,
ETTh1_h96_DLinear,2022,deterministic,2.0,fredf|none|revin|san_lite,2785.0,pair:fredf~revin,0.9859394328871702,0.0,,,,
ETTh1_h96_DLinear,2022,deterministic,2.0,fredf|none|revin|san_lite,2785.0,pair:fredf~san_lite,0.9880877378680765,0.0,,,,
ETTh1_h96_DLinear,2022,deterministic,2.0,fredf|none|revin|san_lite,2785.0,pair:none~revin,0.9905958064635606,0.0,,,,
ETTh1_h96_DLinear,2022,deterministic,2.0,fredf|none|revin|san_lite,2785.0,pair:none~san_lite,0.9832305513124516,0.0,,,,
ETTh1_h96_DLinear,2022,deterministic,2.0,fredf|none|revin|san_lite,2785.0,pair:revin~san_lite,0.9857099914853161,0.0,,,,
ETTh1_h96_DLinear,2022,shuffled,4.0,fredf|none|revin|san_lite,2785.0,index_order,0.98811209604564,0.0004997501249375312,52.1363749406799,0.0,6.374748758903017e-05,0.0077749052571563435
ETTh1_h96_DLinear,2022,shuffled,4.0,fredf|none|revin|san_lite,2785.0,full_permutation,0.01503725277888649,0.031984007996002,0.7934199491082792,0.21376659586694613,0.00021651017322286368,0.007676492351250306
ETTh1_h96_DLinear,2022,shuffled,2.0,fredf|none|revin|san_lite,2785.0,pair:fredf~none,0.9957624154103557,0.0,,,,
ETTh1_h96_DLinear,2022,shuffled,2.0,fredf|none|revin|san_lite,2785.0,pair:fredf~revin,0.9858212792344775,0.0,,,,
ETTh1_h96_DLinear,2022,shuffled,2.0,fredf|none|revin|san_lite,2785.0,pair:fredf~san_lite,0.9879414767365672,0.0,,,,
ETTh1_h96_DLinear,2022,shuffled,2.0,fredf|none|revin|san_lite,2785.0,pair:none~revin,0.9904442517084364,0.0,,,,
ETTh1_h96_DLinear,2022,shuffled,2.0,fredf|none|revin|san_lite,2785.0,pair:none~san_lite,0.9830235357301403,0.0,,,,
ETTh1_h96_DLinear,2022,shuffled,2.0,fredf|none|revin|san_lite,2785.0,pair:revin~san_lite,0.985679617453862,0.0,,,,
ETTh1_h96_DLinear,2023,deterministic,4.0,fredf|none|revin|san_lite,2785.0,index_order,0.9881209615470845,0.0004997501249375312,52.13684271666322,0.0,6.25448616178535e-05,0.007777414460654171
ETTh1_h96_DLinear,2023,deterministic,4.0,fredf|none|revin|san_lite,2785.0,full_permutation,-0.007002687510133214,0.8105947026486756,-0.36948716960535827,0.6441176825801467,-4.6932887244933865e-05,0.007891889196431573
ETTh1_h96_DLinear,2023,deterministic,2.0,fredf|none|revin|san_lite,2785.0,pair:fredf~none,0.9958312802882024,0.0,,,,
ETTh1_h96_DLinear,2023,deterministic,2.0,fredf|none|revin|san_lite,2785.0,pair:fredf~revin,0.9856855788174244,0.0,,,,
ETTh1_h96_DLinear,2023,deterministic,2.0,fredf|none|revin|san_lite,2785.0,pair:fredf~san_lite,0.9880705878952883,0.0,,,,
ETTh1_h96_DLinear,2023,deterministic,2.0,fredf|none|revin|san_lite,2785.0,pair:none~revin,0.9904123119195519,0.0,,,,
ETTh1_h96_DLinear,2023,deterministic,2.0,fredf|none|revin|san_lite,2785.0,pair:none~san_lite,0.9832325337129796,0.0,,,,
ETTh1_h96_DLinear,2023,deterministic,2.0,fredf|none|revin|san_lite,2785.0,pair:revin~san_lite,0.9854934766490606,0.0,,,,
ETTh1_h96_DLinear,2023,shuffled,4.0,fredf|none|revin|san_lite,2785.0,index_order,0.9880535156517406,0.0004997501249375312,52.1332840268122,0.0,6.369461709380598e-05,0.007776826620735682
ETTh1_h96_DLinear,2023,shuffled,4.0,fredf|none|revin|san_lite,2785.0,full_permutation,0.01621785400190364,0.01699150424787606,0.8557127479364441,0.19607834358460796,0.0003296186594496362,0.007442076405979447
ETTh1_h96_DLinear,2023,shuffled,2.0,fredf|none|revin|san_lite,2785.0,pair:fredf~none,0.9958596638639777,0.0,,,,
ETTh1_h96_DLinear,2023,shuffled,2.0,fredf|none|revin|san_lite,2785.0,pair:fredf~revin,0.9856437598086746,0.0,,,,
ETTh1_h96_DLinear,2023,shuffled,2.0,fredf|none|revin|san_lite,2785.0,pair:fredf~san_lite,0.9880146258438854,0.0,,,,
ETTh1_h96_DLinear,2023,shuffled,2.0,fredf|none|revin|san_lite,2785.0,pair:none~revin,0.990198287383713,0.0,,,,
ETTh1_h96_DLinear,2023,shuffled,2.0,fredf|none|revin|san_lite,2785.0,pair:none~san_lite,0.9830992274876519,0.0,,,,
ETTh1_h96_DLinear,2023,shuffled,2.0,fredf|none|revin|san_lite,2785.0,pair:revin~san_lite,0.9855055295225409,0.0,,,,
ETTh1_h96_PatchTST,2021,deterministic,3.0,fredf|none|san_lite,2785.0,index_order,0.9804116208642982,0.0004997501249375312,51.730069964875526,0.0,-0.0001528582444500154,0.010948021511588767
ETTh1_h96_PatchTST,2021,deterministic,3.0,fredf|none|san_lite,2785.0,full_permutation,-0.0034075977180226522,0.6226886556721639,-0.17979720416824882,0.571344110699923,9.629223734358702e-05,0.011046673100132439
ETTh1_h96_PatchTST,2021,deterministic,2.0,fredf|none|san_lite,2785.0,pair:fredf~none,0.975154577799185,0.0,,,,
ETTh1_h96_PatchTST,2021,deterministic,2.0,fredf|none|san_lite,2785.0,pair:fredf~san_lite,0.983994153137827,0.0,,,,
ETTh1_h96_PatchTST,2021,deterministic,2.0,fredf|none|san_lite,2785.0,pair:none~san_lite,0.9820861316558827,0.0,,,,
ETTh1_h96_iTransformer,2021,deterministic,3.0,fredf|none|san_lite,2785.0,index_order,0.9304462930134157,0.0004997501249375312,49.093718201454465,0.0,-5.6575584773990664e-05,0.010928188051666721
ETTh1_h96_iTransformer,2021,deterministic,3.0,fredf|none|san_lite,2785.0,full_permutation,-0.0020794928778907046,0.5862068965517241,-0.10972157997261839,0.5436849072985809,0.00022815154751049745,0.011292676424002755
ETTh1_h96_iTransformer,2021,deterministic,2.0,fredf|none|san_lite,2785.0,pair:fredf~none,0.9728122042231748,0.0,,,,
ETTh1_h96_iTransformer,2021,deterministic,2.0,fredf|none|san_lite,2785.0,pair:fredf~san_lite,0.921646897140139,0.0,,,,
ETTh1_h96_iTransformer,2021,deterministic,2.0,fredf|none|san_lite,2785.0,pair:none~san_lite,0.8968797776769334,0.0,,,,
ETTh2_h192_DLinear,2021,deterministic,4.0,fredf|none|revin|san_lite,2689.0,index_order,0.8277983963737882,0.0004997501249375312,42.917974059650966,0.0,6.455878131803245e-05,0.007911374274383728
ETTh2_h192_DLinear,2021,deterministic,4.0,fredf|none|revin|san_lite,2689.0,full_permutation,0.007459270428857555,0.16241879060469766,0.3867327795898193,0.34947702309041395,-0.00010000522683287341,0.007969417858986723
ETTh2_h192_DLinear,2021,deterministic,2.0,fredf|none|revin|san_lite,2689.0,pair:fredf~none,0.8505846581872015,0.0,,,,
ETTh2_h192_DLinear,2021,deterministic,2.0,fredf|none|revin|san_lite,2689.0,pair:fredf~revin,0.9220528608123376,0.0,,,,
ETTh2_h192_DLinear,2021,deterministic,2.0,fredf|none|revin|san_lite,2689.0,pair:fredf~san_lite,0.9174567568358887,0.0,,,,
ETTh2_h192_DLinear,2021,deterministic,2.0,fredf|none|revin|san_lite,2689.0,pair:none~revin,0.6540674488634762,0.0,,,,
ETTh2_h192_DLinear,2021,deterministic,2.0,fredf|none|revin|san_lite,2689.0,pair:none~san_lite,0.6320789310951961,6.242834955838831e-300,,,,
ETTh2_h192_DLinear,2021,deterministic,2.0,fredf|none|revin|san_lite,2689.0,pair:revin~san_lite,0.9905497224486296,0.0,,,,
ETTh2_h336_DLinear,2021,deterministic,4.0,fredf|none|revin|san_lite,2545.0,index_order,0.7085960672290902,0.0004997501249375312,35.740225730079054,4.692482334980687e-280,7.689397353126438e-05,0.008099290589277351
ETTh2_h336_DLinear,2021,deterministic,4.0,fredf|none|revin|san_lite,2545.0,full_permutation,-0.014206463633763641,0.9675162418790605,-0.7165467613761365,0.7631730977888863,0.00016101679288815324,0.008096488530542024
ETTh2_h336_DLinear,2021,deterministic,2.0,fredf|none|revin|san_lite,2545.0,pair:fredf~none,0.8687988276105902,0.0,,,,
ETTh2_h336_DLinear,2021,deterministic,2.0,fredf|none|revin|san_lite,2545.0,pair:fredf~revin,0.7709720028922591,0.0,,,,
ETTh2_h336_DLinear,2021,deterministic,2.0,fredf|none|revin|san_lite,2545.0,pair:fredf~san_lite,0.764594834139426,0.0,,,,
ETTh2_h336_DLinear,2021,deterministic,2.0,fredf|none|revin|san_lite,2545.0,pair:none~revin,0.43346157295696197,4.3406560764198485e-117,,,,
ETTh2_h336_DLinear,2021,deterministic,2.0,fredf|none|revin|san_lite,2545.0,pair:none~san_lite,0.4213834541120885,4.2275151457467754e-110,,,,
ETTh2_h336_DLinear,2021,deterministic,2.0,fredf|none|revin|san_lite,2545.0,pair:revin~san_lite,0.9923657116632151,0.0,,,,
ETTh2_h336_DLinear,2021,shuffled,4.0,fredf|none|revin|san_lite,2545.0,index_order,0.7114305860161562,0.0004997501249375312,35.88319341783667,2.793313679524957e-282,8.133109511556898e-05,0.008099284588095453
ETTh2_h336_DLinear,2021,shuffled,4.0,fredf|none|revin|san_lite,2545.0,full_permutation,0.00561014897399386,0.24087956021989004,0.28296514754023805,0.38860177690435854,-0.0002475117841478203,0.008125231404848055
ETTh2_h336_DLinear,2021,shuffled,2.0,fredf|none|revin|san_lite,2545.0,pair:fredf~none,0.872589028808428,0.0,,,,
ETTh2_h336_DLinear,2021,shuffled,2.0,fredf|none|revin|san_lite,2545.0,pair:fredf~revin,0.7710931981248114,0.0,,,,
ETTh2_h336_DLinear,2021,shuffled,2.0,fredf|none|revin|san_lite,2545.0,pair:fredf~san_lite,0.7648190090706285,0.0,,,,
ETTh2_h336_DLinear,2021,shuffled,2.0,fredf|none|revin|san_lite,2545.0,pair:none~revin,0.43956698035022757,9.890640650554986e-121,,,,
ETTh2_h336_DLinear,2021,shuffled,2.0,fredf|none|revin|san_lite,2545.0,pair:none~san_lite,0.42792527637155975,7.521447973261915e-114,,,,
ETTh2_h336_DLinear,2021,shuffled,2.0,fredf|none|revin|san_lite,2545.0,pair:revin~san_lite,0.9925900233712804,0.0,,,,
ETTh2_h336_DLinear,2022,deterministic,4.0,fredf|none|revin|san_lite,2545.0,index_order,0.7077636608543877,0.0004997501249375312,35.69824075005036,2.104802224387619e-279,8.830326541196542e-05,0.008102541253233045
ETTh2_h336_DLinear,2022,deterministic,4.0,fredf|none|revin|san_lite,2545.0,full_permutation,-0.008463151011952295,0.8480759620189905,-0.42686509500077624,0.6652612048393595,8.537820197382267e-05,0.00813427479257041
ETTh2_h336_DLinear,2022,deterministic,2.0,fredf|none|revin|san_lite,2545.0,pair:fredf~none,0.8770199126013515,0.0,,,,
ETTh2_h336_DLinear,2022,deterministic,2.0,fredf|none|revin|san_lite,2545.0,pair:fredf~revin,0.7592633294353534,0.0,,,,
ETTh2_h336_DLinear,2022,deterministic,2.0,fredf|none|revin|san_lite,2545.0,pair:fredf~san_lite,0.7531306854132324,0.0,,,,
ETTh2_h336_DLinear,2022,deterministic,2.0,fredf|none|revin|san_lite,2545.0,pair:none~revin,0.43861458559400673,3.7010736606307964e-120,,,,
ETTh2_h336_DLinear,2022,deterministic,2.0,fredf|none|revin|san_lite,2545.0,pair:none~san_lite,0.42620871199204013,7.383741057984053e-113,,,,
ETTh2_h336_DLinear,2022,deterministic,2.0,fredf|none|revin|san_lite,2545.0,pair:revin~san_lite,0.9923447400903407,0.0,,,,
ETTh2_h336_DLinear,2022,shuffled,4.0,fredf|none|revin|san_lite,2545.0,index_order,0.7193298546394923,0.0004997501249375312,36.281617367329595,1.5771499898931631e-288,9.895149025389077e-05,0.008103990890173116
ETTh2_h336_DLinear,2022,shuffled,4.0,fredf|none|revin|san_lite,2545.0,full_permutation,8.669035058939932e-05,0.4877561219390305,0.004372494912088085,0.49825563246707305,-0.00011772360068966839,0.00826888125504666
ETTh2_h336_DLinear,2022,shuffled,2.0,fredf|none|revin|san_lite,2545.0,pair:fredf~none,0.8925066240856127,0.0,,,,
ETTh2_h336_DLinear,2022,shuffled,2.0,fredf|none|revin|san_lite,2545.0,pair:fredf~revin,0.7595230819969678,0.0,,,,
ETTh2_h336_DLinear,2022,shuffled,2.0,fredf|none|revin|san_lite,2545.0,pair:fredf~san_lite,0.7533658024884657,0.0,,,,
ETTh2_h336_DLinear,2022,shuffled,2.0,fredf|none|revin|san_lite,2545.0,pair:none~revin,0.46548465057997523,4.75624614770559e-137,,,,
ETTh2_h336_DLinear,2022,shuffled,2.0,fredf|none|revin|san_lite,2545.0,pair:none~san_lite,0.45279373884611074,6.98343773241187e-129,,,,
ETTh2_h336_DLinear,2022,shuffled,2.0,fredf|none|revin|san_lite,2545.0,pair:revin~san_lite,0.9923052298398205,0.0,,,,
ETTh2_h336_DLinear,2023,deterministic,4.0,fredf|none|revin|san_lite,2545.0,index_order,0.6917196671894614,0.0004997501249375312,34.88901250039506,5.455874238935003e-267,8.093490046213275e-05,0.008099530923196444
ETTh2_h336_DLinear,2023,deterministic,4.0,fredf|none|revin|san_lite,2545.0,full_permutation,-0.005246959788843043,0.7221389305347327,-0.2646465820551476,0.6043591340830099,-0.0005324786733775903,0.008041153449539954
ETTh2_h336_DLinear,2023,deterministic,2.0,fredf|none|revin|san_lite,2545.0,pair:fredf~none,0.8527392446348275,0.0,,,,
ETTh2_h336_DLinear,2023,deterministic,2.0,fredf|none|revin|san_lite,2545.0,pair:fredf~revin,0.7596145647447311,0.0,,,,
ETTh2_h336_DLinear,2023,deterministic,2.0,fredf|none|revin|san_lite,2545.0,pair:fredf~san_lite,0.7534471481496222,0.0,,,,
ETTh2_h336_DLinear,2023,deterministic,2.0,fredf|none|revin|san_lite,2545.0,pair:none~revin,0.40268422263986114,7.875515870185208e-100,,,,
ETTh2_h336_DLinear,2023,deterministic,2.0,fredf|none|revin|san_lite,2545.0,pair:none~san_lite,0.3893973827054269,6.366261916330137e-93,,,,
ETTh2_h336_DLinear,2023,deterministic,2.0,fredf|none|revin|san_lite,2545.0,pair:revin~san_lite,0.9924354402622977,0.0,,,,
ETTh2_h336_DLinear,2023,shuffled,4.0,fredf|none|revin|san_lite,2545.0,index_order,0.6921996532769312,0.0004997501249375312,34.913222077482544,2.3421259746880567e-267,8.115267417385267e-05,0.008098943640089703
ETTh2_h336_DLinear,2023,shuffled,4.0,fredf|none|revin|san_lite,2545.0,full_permutation,-0.016758500119116733,0.984007996001999,-0.8452665839607976,0.8010189930997057,-0.0002820798189941702,0.008083809422598258
ETTh2_h336_DLinear,2023,shuffled,2.0,fredf|none|revin|san_lite,2545.0,pair:fredf~none,0.8523048260402237,0.0,,,,
ETTh2_h336_DLinear,2023,shuffled,2.0,fredf|none|revin|san_lite,2545.0,pair:fredf~revin,0.7609356402014869,0.0,,,,
ETTh2_h336_DLinear,2023,shuffled,2.0,fredf|none|revin|san_lite,2545.0,pair:fredf~san_lite,0.7545432869312488,0.0,,,,
ETTh2_h336_DLinear,2023,shuffled,2.0,fredf|none|revin|san_lite,2545.0,pair:none~revin,0.4031430777741161,4.4878017098191285e-100,,,,
ETTh2_h336_DLinear,2023,shuffled,2.0,fredf|none|revin|san_lite,2545.0,pair:none~san_lite,0.38986655328077463,3.675684144477106e-93,,,,
ETTh2_h336_DLinear,2023,shuffled,2.0,fredf|none|revin|san_lite,2545.0,pair:revin~san_lite,0.9924045354337366,0.0,,,,
ETTh2_h336_PatchTST,2021,deterministic,3.0,fredf|none|san_lite,2545.0,index_order,0.9662171729508846,0.0004997501249375312,48.73413988957257,0.0,0.000175054375210964,0.011113624237945608
ETTh2_h336_PatchTST,2021,deterministic,3.0,fredf|none|san_lite,2545.0,full_permutation,-0.007852512694434358,0.7446276861569215,-0.39606567017067634,0.6539717084689788,5.968809821103071e-05,0.011705761159126742
ETTh2_h336_PatchTST,2021,deterministic,2.0,fredf|none|san_lite,2545.0,pair:fredf~none,0.9576657604313251,0.0,,,,
ETTh2_h336_PatchTST,2021,deterministic,2.0,fredf|none|san_lite,2545.0,pair:fredf~san_lite,0.9676007126170239,0.0,,,,
ETTh2_h336_PatchTST,2021,deterministic,2.0,fredf|none|san_lite,2545.0,pair:none~san_lite,0.9733850458043047,0.0,,,,
ETTh2_h336_iTransformer,2021,deterministic,3.0,fredf|none|san_lite,2545.0,index_order,0.941496050824011,0.0004997501249375312,47.487253932993205,0.0,0.00019545031695315055,0.011068030093754755
ETTh2_h336_iTransformer,2021,deterministic,3.0,fredf|none|san_lite,2545.0,full_permutation,0.0018223608634329463,0.4362818590704648,0.09191638457075732,0.4633822367825744,-0.0001284731688558453,0.011486344911971038
ETTh2_h336_iTransformer,2021,deterministic,2.0,fredf|none|san_lite,2545.0,pair:fredf~none,0.917428315546562,0.0,,,,
ETTh2_h336_iTransformer,2021,deterministic,2.0,fredf|none|san_lite,2545.0,pair:fredf~san_lite,0.9681383229163149,0.0,,,,
ETTh2_h336_iTransformer,2021,deterministic,2.0,fredf|none|san_lite,2545.0,pair:none~san_lite,0.9389215140091549,0.0,,,,
ETTh2_h720_DLinear,2021,deterministic,4.0,fredf|none|revin|san_lite,2161.0,index_order,0.7637884294728021,0.0004997501249375312,35.497678408488966,2.6689939688448688e-276,-0.00025880840446785024,0.008687169883988119
ETTh2_h720_DLinear,2021,deterministic,4.0,fredf|none|revin|san_lite,2161.0,full_permutation,0.01327859054890066,0.06846576711644178,0.6171331206839934,0.26857346208417376,0.0001162970979057683,0.00876766645838299
ETTh2_h720_DLinear,2021,deterministic,2.0,fredf|none|revin|san_lite,2161.0,pair:fredf~none,0.9748253443420822,0.0,,,,
ETTh2_h720_DLinear,2021,deterministic,2.0,fredf|none|revin|san_lite,2161.0,pair:fredf~revin,0.7075245230903244,0.0,,,,
ETTh2_h720_DLinear,2021,deterministic,2.0,fredf|none|revin|san_lite,2161.0,pair:fredf~san_lite,0.703646552959568,0.0,,,,
ETTh2_h720_DLinear,2021,deterministic,2.0,fredf|none|revin|san_lite,2161.0,pair:none~revin,0.6027885260194967,5.78294134369876e-214,,,,
ETTh2_h720_DLinear,2021,deterministic,2.0,fredf|none|revin|san_lite,2161.0,pair:none~san_lite,0.5980482327436318,8.683940319704717e-210,,,,
ETTh2_h720_DLinear,2021,deterministic,2.0,fredf|none|revin|san_lite,2161.0,pair:revin~san_lite,0.995897397681709,0.0,,,,
ETTh2_h96_DLinear,2021,deterministic,4.0,fredf|none|revin|san_lite,2785.0,index_order,0.8940761166070509,0.0004997501249375312,47.17469589480584,0.0,6.238155570176054e-06,0.00796844773090697
ETTh2_h96_DLinear,2021,deterministic,4.0,fredf|none|revin|san_lite,2785.0,full_permutation,0.016053629885808343,0.0239880059970015,0.84704768845047,0.19848427053643225,0.00012844972015663446,0.007764087516042469
ETTh2_h96_DLinear,2021,deterministic,2.0,fredf|none|revin|san_lite,2785.0,pair:fredf~none,0.9091290491215821,0.0,,,,
ETTh2_h96_DLinear,2021,deterministic,2.0,fredf|none|revin|san_lite,2785.0,pair:fredf~revin,0.9520531970940436,0.0,,,,
ETTh2_h96_DLinear,2021,deterministic,2.0,fredf|none|revin|san_lite,2785.0,pair:fredf~san_lite,0.9415138980197155,0.0,,,,
ETTh2_h96_DLinear,2021,deterministic,2.0,fredf|none|revin|san_lite,2785.0,pair:none~revin,0.8109547993140359,0.0,,,,
ETTh2_h96_DLinear,2021,deterministic,2.0,fredf|none|revin|san_lite,2785.0,pair:none~san_lite,0.7781604947467302,0.0,,,,
ETTh2_h96_DLinear,2021,deterministic,2.0,fredf|none|revin|san_lite,2785.0,pair:revin~san_lite,0.972645261346198,0.0,,,,
ETTh2_h96_DLinear,2021,shuffled,4.0,fredf|none|revin|san_lite,2785.0,index_order,0.9149854984920441,0.0004997501249375312,48.27795065516809,0.0,-2.2477345783198703e-05,0.007984598726381678
ETTh2_h96_DLinear,2021,shuffled,4.0,fredf|none|revin|san_lite,2785.0,full_permutation,0.0013025870926645599,0.43928035982008995,0.06872921536719337,0.4726025813413698,1.4118179574062403e-05,0.0077600090498228975
ETTh2_h96_DLinear,2021,shuffled,2.0,fredf|none|revin|san_lite,2785.0,pair:fredf~none,0.9433763536019927,0.0,,,,
ETTh2_h96_DLinear,2021,shuffled,2.0,fredf|none|revin|san_lite,2785.0,pair:fredf~revin,0.952961407514263,0.0,,,,
ETTh2_h96_DLinear,2021,shuffled,2.0,fredf|none|revin|san_lite,2785.0,pair:fredf~san_lite,0.9426249733957792,0.0,,,,
ETTh2_h96_DLinear,2021,shuffled,2.0,fredf|none|revin|san_lite,2785.0,pair:none~revin,0.8504972460007586,0.0,,,,
ETTh2_h96_DLinear,2021,shuffled,2.0,fredf|none|revin|san_lite,2785.0,pair:none~san_lite,0.82779861496447,0.0,,,,
ETTh2_h96_DLinear,2021,shuffled,2.0,fredf|none|revin|san_lite,2785.0,pair:revin~san_lite,0.9726543954750003,0.0,,,,
ETTh2_h96_DLinear,2022,deterministic,4.0,fredf|none|revin|san_lite,2785.0,index_order,0.9042080592321445,0.0004997501249375312,47.70929390417475,0.0,-1.342868607345745e-05,0.00797410237702587
ETTh2_h96_DLinear,2022,deterministic,4.0,fredf|none|revin|san_lite,2785.0,full_permutation,0.0007189409156402644,0.45327336331834084,0.03793392803106141,0.4848701809255074,-0.00014812308102879728,0.007600391620090821
ETTh2_h96_DLinear,2022,deterministic,2.0,fredf|none|revin|san_lite,2785.0,pair:fredf~none,0.9241452802385142,0.0,,,,
ETTh2_h96_DLinear,2022,deterministic,2.0,fredf|none|revin|san_lite,2785.0,pair:fredf~revin,0.9538878243620574,0.0,,,,
ETTh2_h96_DLinear,2022,deterministic,2.0,fredf|none|revin|san_lite,2785.0,pair:fredf~san_lite,0.9431829370650691,0.0,,,,
ETTh2_h96_DLinear,2022,deterministic,2.0,fredf|none|revin|san_lite,2785.0,pair:none~revin,0.8298412613581857,0.0,,,,
ETTh2_h96_DLinear,2022,deterministic,2.0,fredf|none|revin|san_lite,2785.0,pair:none~san_lite,0.800491910983735,0.0,,,,
ETTh2_h96_DLinear,2022,deterministic,2.0,fredf|none|revin|san_lite,2785.0,pair:revin~san_lite,0.9736991413853056,0.0,,,,
ETTh2_h96_DLinear,2022,shuffled,4.0,fredf|none|revin|san_lite,2785.0,index_order,0.8932217652279144,0.0004997501249375312,47.1296172200158,0.0,-4.065017509920943e-06,0.00797255733953088
ETTh2_h96_DLinear,2022,shuffled,4.0,fredf|none|revin|san_lite,2785.0,full_permutation,0.013333259763419656,0.04047976011994003,0.7035111026259716,0.2408686450589847,-0.00014454751286903622,0.007727834617246994
ETTh2_h96_DLinear,2022,shuffled,2.0,fredf|none|revin|san_lite,2785.0,pair:fredf~none,0.9078011247940884,0.0,,,,
ETTh2_h96_DLinear,2022,shuffled,2.0,fredf|none|revin|san_lite,2785.0,pair:fredf~revin,0.9520926431836059,0.0,,,,
ETTh2_h96_DLinear,2022,shuffled,2.0,fredf|none|revin|san_lite,2785.0,pair:fredf~san_lite,0.9420549232415814,0.0,,,,
ETTh2_h96_DLinear,2022,shuffled,2.0,fredf|none|revin|san_lite,2785.0,pair:none~revin,0.8080661102605118,0.0,,,,
ETTh2_h96_DLinear,2022,shuffled,2.0,fredf|none|revin|san_lite,2785.0,pair:none~san_lite,0.7765025629380642,0.0,,,,
ETTh2_h96_DLinear,2022,shuffled,2.0,fredf|none|revin|san_lite,2785.0,pair:revin~san_lite,0.9728132269496342,0.0,,,,
ETTh2_h96_DLinear,2023,deterministic,4.0,fredf|none|revin|san_lite,2785.0,index_order,0.8931382402337826,0.0004997501249375312,47.125210138644775,0.0,1.653560453936935e-06,0.007974098589670586
ETTh2_h96_DLinear,2023,deterministic,4.0,fredf|none|revin|san_lite,2785.0,full_permutation,-0.005628709693485453,0.7591204397801099,-0.2969911209327432,0.6167633560255409,-0.00011588448424817558,0.007707885607892198
ETTh2_h96_DLinear,2023,deterministic,2.0,fredf|none|revin|san_lite,2785.0,pair:fredf~none,0.9163363091691975,0.0,,,,
ETTh2_h96_DLinear,2023,deterministic,2.0,fredf|none|revin|san_lite,2785.0,pair:fredf~revin,0.9463888006464031,0.0,,,,
ETTh2_h96_DLinear,2023,deterministic,2.0,fredf|none|revin|san_lite,2785.0,pair:fredf~san_lite,0.9361053277593315,0.0,,,,
ETTh2_h96_DLinear,2023,deterministic,2.0,fredf|none|revin|san_lite,2785.0,pair:none~revin,0.8097133731600755,0.0,,,,
ETTh2_h96_DLinear,2023,deterministic,2.0,fredf|none|revin|san_lite,2785.0,pair:none~san_lite,0.7773704149467344,0.0,,,,
ETTh2_h96_DLinear,2023,deterministic,2.0,fredf|none|revin|san_lite,2785.0,pair:revin~san_lite,0.9729152157209533,0.0,,,,
ETTh2_h96_DLinear,2023,shuffled,4.0,fredf|none|revin|san_lite,2785.0,index_order,0.9099065449331124,0.0004997501249375312,48.00996666011887,0.0,-1.4489533863952811e-05,0.007977794785946332
ETTh2_h96_DLinear,2023,shuffled,4.0,fredf|none|revin|san_lite,2785.0,full_permutation,0.004685659467666785,0.25787106446776614,0.24723237356193484,0.4023641961613388,-0.00025072303526489127,0.00766539881191199
ETTh2_h96_DLinear,2023,shuffled,2.0,fredf|none|revin|san_lite,2785.0,pair:fredf~none,0.9453750708110823,0.0,,,,
ETTh2_h96_DLinear,2023,shuffled,2.0,fredf|none|revin|san_lite,2785.0,pair:fredf~revin,0.9456921100492334,0.0,,,,
ETTh2_h96_DLinear,2023,shuffled,2.0,fredf|none|revin|san_lite,2785.0,pair:fredf~san_lite,0.9346586765899972,0.0,,,,
ETTh2_h96_DLinear,2023,shuffled,2.0,fredf|none|revin|san_lite,2785.0,pair:none~revin,0.8446416595424835,0.0,,,,
ETTh2_h96_DLinear,2023,shuffled,2.0,fredf|none|revin|san_lite,2785.0,pair:none~san_lite,0.8160370405236214,0.0,,,,
ETTh2_h96_DLinear,2023,shuffled,2.0,fredf|none|revin|san_lite,2785.0,pair:revin~san_lite,0.9730347120822576,0.0,,,,
ETTh2_h96_PatchTST,2021,deterministic,3.0,fredf|none|san_lite,2785.0,index_order,0.9237073230118068,0.0004997501249375312,48.73814572326708,0.0,-9.605632121837085e-05,0.011107264383248158
ETTh2_h96_PatchTST,2021,deterministic,3.0,fredf|none|san_lite,2785.0,full_permutation,-0.006012786069534555,0.7116441779110445,-0.3172563823617751,0.6244754645576331,0.00015054339671504184,0.010680704394530864
ETTh2_h96_PatchTST,2021,deterministic,2.0,fredf|none|san_lite,2785.0,pair:fredf~none,0.9245158992910978,0.0,,,,
ETTh2_h96_PatchTST,2021,deterministic,2.0,fredf|none|san_lite,2785.0,pair:fredf~san_lite,0.9287563598475436,0.0,,,,
ETTh2_h96_PatchTST,2021,deterministic,2.0,fredf|none|san_lite,2785.0,pair:none~san_lite,0.9178497098967789,0.0,,,,
ETTh2_h96_iTransformer,2021,deterministic,3.0,fredf|none|san_lite,2785.0,index_order,0.9236354010651348,0.0004997501249375312,48.73435086072754,0.0,-9.252159673113887e-05,0.011092138839196864
ETTh2_h96_iTransformer,2021,deterministic,3.0,fredf|none|san_lite,2785.0,full_permutation,0.012714574973845386,0.12343828085957022,0.6708670511176194,0.2511526139947554,-0.0001295519134469505,0.010759872409082036
ETTh2_h96_iTransformer,2021,deterministic,2.0,fredf|none|san_lite,2785.0,pair:fredf~none,0.9466326250785014,0.0,,,,
ETTh2_h96_iTransformer,2021,deterministic,2.0,fredf|none|san_lite,2785.0,pair:fredf~san_lite,0.898340070513795,0.0,,,,
ETTh2_h96_iTransformer,2021,deterministic,2.0,fredf|none|san_lite,2785.0,pair:none~san_lite,0.9259335076031073,0.0,,,,
ETTm1_h192_DLinear,2021,deterministic,4.0,fredf|none|revin|san_lite,11329.0,index_order,0.9752235537373725,0.0004997501249375312,103.7960441383403,0.0,0.00018553879857352023,0.0038573001624844687
ETTm1_h192_DLinear,2021,deterministic,4.0,fredf|none|revin|san_lite,11329.0,full_permutation,-0.004245795594396147,0.8710644677661169,-0.45189309182435194,0.6743269993198586,2.288873347755553e-05,0.003779987746280394
ETTm1_h192_DLinear,2021,deterministic,2.0,fredf|none|revin|san_lite,11329.0,pair:fredf~none,0.9974215474443701,0.0,,,,
ETTm1_h192_DLinear,2021,deterministic,2.0,fredf|none|revin|san_lite,11329.0,pair:fredf~revin,0.9915860400055687,0.0,,,,
ETTm1_h192_DLinear,2021,deterministic,2.0,fredf|none|revin|san_lite,11329.0,pair:fredf~san_lite,0.9559681555254693,0.0,,,,
ETTm1_h192_DLinear,2021,deterministic,2.0,fredf|none|revin|san_lite,11329.0,pair:none~revin,0.9873498223966831,0.0,,,,
ETTm1_h192_DLinear,2021,deterministic,2.0,fredf|none|revin|san_lite,11329.0,pair:none~san_lite,0.9541226848521814,0.0,,,,
ETTm1_h192_DLinear,2021,deterministic,2.0,fredf|none|revin|san_lite,11329.0,pair:revin~san_lite,0.9648930721999625,0.0,,,,
ETTm1_h336_DLinear,2021,deterministic,4.0,fredf|none|revin|san_lite,11185.0,index_order,0.9756867183993035,0.0004997501249375312,103.18319523256493,0.0,1.9920589351646172e-06,0.00394592114419659
ETTm1_h336_DLinear,2021,deterministic,4.0,fredf|none|revin|san_lite,11185.0,full_permutation,-0.002041213452115443,0.719640179910045,-0.21586737030355777,0.5854544339195513,0.00016941456429810653,0.0038990932943153145
ETTm1_h336_DLinear,2021,deterministic,2.0,fredf|none|revin|san_lite,11185.0,pair:fredf~none,0.997599891986712,0.0,,,,
ETTm1_h336_DLinear,2021,deterministic,2.0,fredf|none|revin|san_lite,11185.0,pair:fredf~revin,0.9874735425884087,0.0,,,,
ETTm1_h336_DLinear,2021,deterministic,2.0,fredf|none|revin|san_lite,11185.0,pair:fredf~san_lite,0.9599618446352945,0.0,,,,
ETTm1_h336_DLinear,2021,deterministic,2.0,fredf|none|revin|san_lite,11185.0,pair:none~revin,0.980866069944734,0.0,,,,
ETTm1_h336_DLinear,2021,deterministic,2.0,fredf|none|revin|san_lite,11185.0,pair:none~san_lite,0.9542393838907023,0.0,,,,
ETTm1_h336_DLinear,2021,deterministic,2.0,fredf|none|revin|san_lite,11185.0,pair:revin~san_lite,0.9739795773499698,0.0,,,,
ETTm1_h336_DLinear,2021,shuffled,4.0,fredf|none|revin|san_lite,11185.0,index_order,0.9750220388229889,0.0004997501249375312,103.11290242115668,0.0,1.0247756692657179e-07,0.0039474920341286525
ETTm1_h336_DLinear,2021,shuffled,4.0,fredf|none|revin|san_lite,11185.0,full_permutation,-0.002730584968485026,0.783608195902049,-0.28877146382040847,0.6136218646050943,0.00018197295218252727,0.0037560246814109586
ETTm1_h336_DLinear,2021,shuffled,2.0,fredf|none|revin|san_lite,11185.0,pair:fredf~none,0.9972169188485316,0.0,,,,
ETTm1_h336_DLinear,2021,shuffled,2.0,fredf|none|revin|san_lite,11185.0,pair:fredf~revin,0.9870904071686479,0.0,,,,
ETTm1_h336_DLinear,2021,shuffled,2.0,fredf|none|revin|san_lite,11185.0,pair:fredf~san_lite,0.9597588792377684,0.0,,,,
ETTm1_h336_DLinear,2021,shuffled,2.0,fredf|none|revin|san_lite,11185.0,pair:none~revin,0.9786186351557402,0.0,,,,
ETTm1_h336_DLinear,2021,shuffled,2.0,fredf|none|revin|san_lite,11185.0,pair:none~san_lite,0.9533306888604016,0.0,,,,
ETTm1_h336_DLinear,2021,shuffled,2.0,fredf|none|revin|san_lite,11185.0,pair:revin~san_lite,0.9741167036668443,0.0,,,,
ETTm1_h336_DLinear,2022,deterministic,4.0,fredf|none|revin|san_lite,11185.0,index_order,0.9759831895838164,0.0004997501249375312,103.21454837444493,0.0,1.791755564563166e-06,0.003945803904331986
ETTm1_h336_DLinear,2022,deterministic,4.0,fredf|none|revin|san_lite,11185.0,full_permutation,-0.0028272216434964774,0.7716141929035483,-0.2989912205479483,0.6175266278397537,9.133769465739391e-05,0.003943559533275655
ETTm1_h336_DLinear,2022,deterministic,2.0,fredf|none|revin|san_lite,11185.0,pair:fredf~none,0.9977396556024152,0.0,,,,
ETTm1_h336_DLinear,2022,deterministic,2.0,fredf|none|revin|san_lite,11185.0,pair:fredf~revin,0.9875499904112697,0.0,,,,
ETTm1_h336_DLinear,2022,deterministic,2.0,fredf|none|revin|san_lite,11185.0,pair:fredf~san_lite,0.9601486373455124,0.0,,,,
ETTm1_h336_DLinear,2022,deterministic,2.0,fredf|none|revin|san_lite,11185.0,pair:none~revin,0.9814976282194044,0.0,,,,
ETTm1_h336_DLinear,2022,deterministic,2.0,fredf|none|revin|san_lite,11185.0,pair:none~san_lite,0.9549374221874215,0.0,,,,
ETTm1_h336_DLinear,2022,deterministic,2.0,fredf|none|revin|san_lite,11185.0,pair:revin~san_lite,0.9740258037368743,0.0,,,,
ETTm1_h336_DLinear,2022,shuffled,4.0,fredf|none|revin|san_lite,11185.0,index_order,0.9757026221729724,0.0004997501249375312,103.18487712712438,0.0,1.3176858284181803e-06,0.003946359264714242
ETTm1_h336_DLinear,2022,shuffled,4.0,fredf|none|revin|san_lite,11185.0,full_permutation,0.00110335070752226,0.4062968515742129,0.11668422795693481,0.45355514457846724,0.00012179019574761786,0.003944304750004549
ETTm1_h336_DLinear,2022,shuffled,2.0,fredf|none|revin|san_lite,11185.0,pair:fredf~none,0.9976707633723325,0.0,,,,
ETTm1_h336_DLinear,2022,shuffled,2.0,fredf|none|revin|san_lite,11185.0,pair:fredf~revin,0.9875728375465539,0.0,,,,
ETTm1_h336_DLinear,2022,shuffled,2.0,fredf|none|revin|san_lite,11185.0,pair:fredf~san_lite,0.9601433881319205,0.0,,,,
ETTm1_h336_DLinear,2022,shuffled,2.0,fredf|none|revin|san_lite,11185.0,pair:none~revin,0.9806481021599858,0.0,,,,
ETTm1_h336_DLinear,2022,shuffled,2.0,fredf|none|revin|san_lite,11185.0,pair:none~san_lite,0.9537075859969425,0.0,,,,
ETTm1_h336_DLinear,2022,shuffled,2.0,fredf|none|revin|san_lite,11185.0,pair:revin~san_lite,0.9744730558300987,0.0,,,,
ETTm1_h336_DLinear,2023,deterministic,4.0,fredf|none|revin|san_lite,11185.0,index_order,0.9753091948507872,0.0004997501249375312,103.1432704439244,0.0,-1.0694395922458133e-06,0.003945490455485228
ETTm1_h336_DLinear,2023,deterministic,4.0,fredf|none|revin|san_lite,11185.0,full_permutation,0.0007898176091190565,0.4177911044477761,0.08352671305554939,0.46671636882816336,-2.3263597540595143e-05,0.003947947109477922
ETTm1_h336_DLinear,2023,deterministic,2.0,fredf|none|revin|san_lite,11185.0,pair:fredf~none,0.9971042844468077,0.0,,,,
ETTm1_h336_DLinear,2023,deterministic,2.0,fredf|none|revin|san_lite,11185.0,pair:fredf~revin,0.9880989465174072,0.0,,,,
ETTm1_h336_DLinear,2023,deterministic,2.0,fredf|none|revin|san_lite,11185.0,pair:fredf~san_lite,0.9601754875983005,0.0,,,,
ETTm1_h336_DLinear,2023,deterministic,2.0,fredf|none|revin|san_lite,11185.0,pair:none~revin,0.9791018808581805,0.0,,,,
ETTm1_h336_DLinear,2023,deterministic,2.0,fredf|none|revin|san_lite,11185.0,pair:none~san_lite,0.9528034629061192,0.0,,,,
ETTm1_h336_DLinear,2023,deterministic,2.0,fredf|none|revin|san_lite,11185.0,pair:revin~san_lite,0.9745711067779064,0.0,,,,
ETTm1_h336_DLinear,2023,shuffled,4.0,fredf|none|revin|san_lite,11185.0,index_order,0.9752753422954775,0.0004997501249375312,103.13969038614789,0.0,1.1841811388391827e-06,0.003946654060735949
ETTm1_h336_DLinear,2023,shuffled,4.0,fredf|none|revin|san_lite,11185.0,full_permutation,-0.0018562243490153954,0.6701649175412294,-0.1963039526807532,0.577813866104904,-6.337759767785572e-05,0.003939308970193833
ETTm1_h336_DLinear,2023,shuffled,2.0,fredf|none|revin|san_lite,11185.0,pair:fredf~none,0.9971259862789955,0.0,,,,
ETTm1_h336_DLinear,2023,shuffled,2.0,fredf|none|revin|san_lite,11185.0,pair:fredf~revin,0.9877323027596934,0.0,,,,
ETTm1_h336_DLinear,2023,shuffled,2.0,fredf|none|revin|san_lite,11185.0,pair:fredf~san_lite,0.9601393136229335,0.0,,,,
ETTm1_h336_DLinear,2023,shuffled,2.0,fredf|none|revin|san_lite,11185.0,pair:none~revin,0.9793441785401366,0.0,,,,
ETTm1_h336_DLinear,2023,shuffled,2.0,fredf|none|revin|san_lite,11185.0,pair:none~san_lite,0.9530604891625907,0.0,,,,
ETTm1_h336_DLinear,2023,shuffled,2.0,fredf|none|revin|san_lite,11185.0,pair:revin~san_lite,0.9742497834085148,0.0,,,,
ETTm1_h336_PatchTST,2021,deterministic,3.0,fredf|none|san_lite,11185.0,index_order,0.9599750068001512,0.0004997501249375312,101.5216120883024,0.0,-9.554696522311148e-05,0.005556794172561048
ETTm1_h336_PatchTST,2021,deterministic,3.0,fredf|none|san_lite,11185.0,full_permutation,-0.00597151962120081,0.8660669665167416,-0.6315146688891272,0.7361479695006483,4.91059255874413e-05,0.005405615605745754
ETTm1_h336_PatchTST,2021,deterministic,2.0,fredf|none|san_lite,11185.0,pair:fredf~none,0.9432926353500111,0.0,,,,
ETTm1_h336_PatchTST,2021,deterministic,2.0,fredf|none|san_lite,11185.0,pair:fredf~san_lite,0.9592487018321216,0.0,,,,
ETTm1_h336_PatchTST,2021,deterministic,2.0,fredf|none|san_lite,11185.0,pair:none~san_lite,0.9773836832183208,0.0,,,,
ETTm1_h336_iTransformer,2021,deterministic,3.0,fredf|none|san_lite,11185.0,index_order,0.9595451729979195,0.0004997501249375312,101.47615525846466,0.0,1.648817657704184e-05,0.005521439692224519
ETTm1_h336_iTransformer,2021,deterministic,3.0,fredf|none|san_lite,11185.0,full_permutation,-0.004527019442308618,0.7991004497751124,-0.47875237217914013,0.6839425984794563,7.790653362531396e-05,0.005577229236394786
ETTm1_h336_iTransformer,2021,deterministic,2.0,fredf|none|san_lite,11185.0,pair:fredf~none,0.976673037502284,0.0,,,,
ETTm1_h336_iTransformer,2021,deterministic,2.0,fredf|none|san_lite,11185.0,pair:fredf~san_lite,0.9530734843152453,0.0,,,,
ETTm1_h336_iTransformer,2021,deterministic,2.0,fredf|none|san_lite,11185.0,pair:none~san_lite,0.9488889971762292,0.0,,,,
ETTm1_h720_DLinear,2021,deterministic,4.0,fredf|none|revin|san_lite,10801.0,index_order,0.9775880495972039,0.0004997501249375312,101.59393024647125,0.0,-9.060766691323179e-05,0.003898788345287265
ETTm1_h720_DLinear,2021,deterministic,4.0,fredf|none|revin|san_lite,10801.0,full_permutation,0.0029945837117375854,0.2013993003498251,0.31120626817486147,0.3778219090829463,-9.03891249183313e-05,0.0037817489963262773
ETTm1_h720_DLinear,2021,deterministic,2.0,fredf|none|revin|san_lite,10801.0,pair:fredf~none,0.9974596716729561,0.0,,,,
ETTm1_h720_DLinear,2021,deterministic,2.0,fredf|none|revin|san_lite,10801.0,pair:fredf~revin,0.9806894446683451,0.0,,,,
ETTm1_h720_DLinear,2021,deterministic,2.0,fredf|none|revin|san_lite,10801.0,pair:fredf~san_lite,0.9694486536890261,0.0,,,,
ETTm1_h720_DLinear,2021,deterministic,2.0,fredf|none|revin|san_lite,10801.0,pair:none~revin,0.9694403854292633,0.0,,,,
ETTm1_h720_DLinear,2021,deterministic,2.0,fredf|none|revin|san_lite,10801.0,pair:none~san_lite,0.9592751737078753,0.0,,,,
ETTm1_h720_DLinear,2021,deterministic,2.0,fredf|none|revin|san_lite,10801.0,pair:revin~san_lite,0.9892149684157568,0.0,,,,
ETTm1_h96_DLinear,2021,deterministic,4.0,fredf|none|revin|san_lite,11425.0,index_order,0.9637293378603392,0.0004997501249375312,103.00639242066855,0.0,5.445317819396819e-06,0.0038421429875698924
ETTm1_h96_DLinear,2021,deterministic,4.0,fredf|none|revin|san_lite,11425.0,full_permutation,-0.005257796122701459,0.9160419790104948,-0.5619696209366007,0.7129316413233211,0.00017339235673399903,0.00388526617219168
ETTm1_h96_DLinear,2021,deterministic,2.0,fredf|none|revin|san_lite,11425.0,pair:fredf~none,0.9900184510979552,0.0,,,,
ETTm1_h96_DLinear,2021,deterministic,2.0,fredf|none|revin|san_lite,11425.0,pair:fredf~revin,0.9887250388572586,0.0,,,,
ETTm1_h96_DLinear,2021,deterministic,2.0,fredf|none|revin|san_lite,11425.0,pair:fredf~san_lite,0.93343448807791,0.0,,,,
ETTm1_h96_DLinear,2021,deterministic,2.0,fredf|none|revin|san_lite,11425.0,pair:none~revin,0.9822527975617575,0.0,,,,
ETTm1_h96_DLinear,2021,deterministic,2.0,fredf|none|revin|san_lite,11425.0,pair:none~san_lite,0.9393743736716156,0.0,,,,
ETTm1_h96_DLinear,2021,deterministic,2.0,fredf|none|revin|san_lite,11425.0,pair:revin~san_lite,0.9485708778955387,0.0,,,,
ETTm1_h96_DLinear,2021,shuffled,4.0,fredf|none|revin|san_lite,11425.0,index_order,0.9635741753975431,0.0004997501249375312,102.98980817351134,0.0,2.7478377103509617e-06,0.003841652732097341
ETTm1_h96_DLinear,2021,shuffled,4.0,fredf|none|revin|san_lite,11425.0,full_permutation,-0.00391940067021307,0.8575712143928036,-0.418917747576452,0.6623618769601763,9.129936743595584e-05,0.0037894131001513214
ETTm1_h96_DLinear,2021,shuffled,2.0,fredf|none|revin|san_lite,11425.0,pair:fredf~none,0.9904314620852284,0.0,,,,
ETTm1_h96_DLinear,2021,shuffled,2.0,fredf|none|revin|san_lite,11425.0,pair:fredf~revin,0.9894191341980544,0.0,,,,
ETTm1_h96_DLinear,2021,shuffled,2.0,fredf|none|revin|san_lite,11425.0,pair:fredf~san_lite,0.9334060944148578,0.0,,,,
ETTm1_h96_DLinear,2021,shuffled,2.0,fredf|none|revin|san_lite,11425.0,pair:none~revin,0.9820529989105481,0.0,,,,
ETTm1_h96_DLinear,2021,shuffled,2.0,fredf|none|revin|san_lite,11425.0,pair:none~san_lite,0.9386548756588821,0.0,,,,
ETTm1_h96_DLinear,2021,shuffled,2.0,fredf|none|revin|san_lite,11425.0,pair:revin~san_lite,0.9474804871176883,0.0,,,,
ETTm1_h96_DLinear,2022,deterministic,4.0,fredf|none|revin|san_lite,11425.0,index_order,0.9654215420159623,0.0004997501249375312,103.18726046988348,0.0,6.399607436067711e-06,0.003840392567384358
ETTm1_h96_DLinear,2022,deterministic,4.0,fredf|none|revin|san_lite,11425.0,full_permutation,0.0026522828833283694,0.255872063968016,0.2834842530552244,0.38840282551745864,7.279099509277475e-05,0.0037359428947534193
ETTm1_h96_DLinear,2022,deterministic,2.0,fredf|none|revin|san_lite,11425.0,pair:fredf~none,0.9935827035652142,0.0,,,,
ETTm1_h96_DLinear,2022,deterministic,2.0,fredf|none|revin|san_lite,11425.0,pair:fredf~revin,0.989643864098767,0.0,,,,
ETTm1_h96_DLinear,2022,deterministic,2.0,fredf|none|revin|san_lite,11425.0,pair:fredf~san_lite,0.9332189691244787,0.0,,,,
ETTm1_h96_DLinear,2022,deterministic,2.0,fredf|none|revin|san_lite,11425.0,pair:none~revin,0.987067347027149,0.0,,,,
ETTm1_h96_DLinear,2022,deterministic,2.0,fredf|none|revin|san_lite,11425.0,pair:none~san_lite,0.9417092086171736,0.0,,,,
ETTm1_h96_DLinear,2022,deterministic,2.0,fredf|none|revin|san_lite,11425.0,pair:revin~san_lite,0.9473071596629911,0.0,,,,
ETTm1_h96_DLinear,2022,shuffled,4.0,fredf|none|revin|san_lite,11425.0,index_order,0.9653578107133658,0.0004997501249375312,103.18044866982008,0.0,5.16996825266558e-06,0.003841507442631442
ETTm1_h96_DLinear,2022,shuffled,4.0,fredf|none|revin|san_lite,11425.0,full_permutation,-0.0017655401978029462,0.6696651674162919,-0.18870643375153734,0.5748385456074417,2.1959351899089584e-05,0.003827114626205006
ETTm1_h96_DLinear,2022,shuffled,2.0,fredf|none|revin|san_lite,11425.0,pair:fredf~none,0.9922096266306956,0.0,,,,
ETTm1_h96_DLinear,2022,shuffled,2.0,fredf|none|revin|san_lite,11425.0,pair:fredf~revin,0.9878997340241489,0.0,,,,
ETTm1_h96_DLinear,2022,shuffled,2.0,fredf|none|revin|san_lite,11425.0,pair:fredf~san_lite,0.9332617562081845,0.0,,,,
ETTm1_h96_DLinear,2022,shuffled,2.0,fredf|none|revin|san_lite,11425.0,pair:none~revin,0.9869046118722951,0.0,,,,
ETTm1_h96_DLinear,2022,shuffled,2.0,fredf|none|revin|san_lite,11425.0,pair:none~san_lite,0.942151028884943,0.0,,,,
ETTm1_h96_DLinear,2022,shuffled,2.0,fredf|none|revin|san_lite,11425.0,pair:revin~san_lite,0.949720106659928,0.0,,,,
ETTm1_h96_DLinear,2023,deterministic,4.0,fredf|none|revin|san_lite,11425.0,index_order,0.9637316022878969,0.0004997501249375312,103.00663444973672,0.0,-2.982206470838189e-07,0.003842236848996025
ETTm1_h96_DLinear,2023,deterministic,4.0,fredf|none|revin|san_lite,11425.0,full_permutation,0.0017289051422366096,0.3248375812093953,0.184790764941042,0.42669657581152926,2.6644455943621116e-05,0.003819938886495003
ETTm1_h96_DLinear,2023,deterministic,2.0,fredf|none|revin|san_lite,11425.0,pair:fredf~none,0.9902714457228692,0.0,,,,
ETTm1_h96_DLinear,2023,deterministic,2.0,fredf|none|revin|san_lite,11425.0,pair:fredf~revin,0.9877977882059101,0.0,,,,
ETTm1_h96_DLinear,2023,deterministic,2.0,fredf|none|revin|san_lite,11425.0,pair:fredf~san_lite,0.9330465351207196,0.0,,,,
ETTm1_h96_DLinear,2023,deterministic,2.0,fredf|none|revin|san_lite,11425.0,pair:none~revin,0.9823524099979127,0.0,,,,
ETTm1_h96_DLinear,2023,deterministic,2.0,fredf|none|revin|san_lite,11425.0,pair:none~san_lite,0.9402060147872082,0.0,,,,
ETTm1_h96_DLinear,2023,deterministic,2.0,fredf|none|revin|san_lite,11425.0,pair:revin~san_lite,0.9487154198927608,0.0,,,,
ETTm1_h96_DLinear,2023,shuffled,4.0,fredf|none|revin|san_lite,11425.0,index_order,0.9650506706633605,0.0004997501249375312,103.14762058492522,0.0,3.902444213486622e-06,0.003840779620816248
ETTm1_h96_DLinear,2023,shuffled,4.0,fredf|none|revin|san_lite,11425.0,full_permutation,-0.0011444092021317246,0.6231884057971014,-0.12231801890178387,0.5486764189345772,3.228116452002602e-05,0.0038018796183124284
ETTm1_h96_DLinear,2023,shuffled,2.0,fredf|none|revin|san_lite,11425.0,pair:fredf~none,0.9921274257541073,0.0,,,,
ETTm1_h96_DLinear,2023,shuffled,2.0,fredf|none|revin|san_lite,11425.0,pair:fredf~revin,0.9879625072731077,0.0,,,,
ETTm1_h96_DLinear,2023,shuffled,2.0,fredf|none|revin|san_lite,11425.0,pair:fredf~san_lite,0.9329295684532154,0.0,,,,
ETTm1_h96_DLinear,2023,shuffled,2.0,fredf|none|revin|san_lite,11425.0,pair:none~revin,0.9868793566163419,0.0,,,,
ETTm1_h96_DLinear,2023,shuffled,2.0,fredf|none|revin|san_lite,11425.0,pair:none~san_lite,0.9419686694432714,0.0,,,,
ETTm1_h96_DLinear,2023,shuffled,2.0,fredf|none|revin|san_lite,11425.0,pair:revin~san_lite,0.9484364964401192,0.0,,,,
ETTm1_h96_PatchTST,2021,deterministic,3.0,fredf|none|san_lite,11425.0,index_order,0.9174491190760977,0.0004997501249375312,98.05981853303744,0.0,0.0001412051664321987,0.005441098774548506
ETTm1_h96_PatchTST,2021,deterministic,3.0,fredf|none|san_lite,11425.0,full_permutation,0.006468688947185317,0.11744127936031984,0.6913936164072372,0.24465910731649426,-3.001994443530024e-05,0.005420226007497211
ETTm1_h96_PatchTST,2021,deterministic,2.0,fredf|none|san_lite,11425.0,pair:fredf~none,0.8959125206593082,0.0,,,,
ETTm1_h96_PatchTST,2021,deterministic,2.0,fredf|none|san_lite,11425.0,pair:fredf~san_lite,0.924861137233359,0.0,,,,
ETTm1_h96_PatchTST,2021,deterministic,2.0,fredf|none|san_lite,11425.0,pair:none~san_lite,0.931573699335626,0.0,,,,
ETTm1_h96_iTransformer,2021,deterministic,3.0,fredf|none|san_lite,11425.0,index_order,0.9113085570098446,0.0004997501249375312,97.40349613936179,0.0,9.971059138218913e-05,0.0053707831083154136
ETTm1_h96_iTransformer,2021,deterministic,3.0,fredf|none|san_lite,11425.0,full_permutation,0.0008688887506681491,0.4207896051974013,0.09286953515386084,0.46300360427394005,-0.00023811703163015524,0.005238432598309632
ETTm1_h96_iTransformer,2021,deterministic,2.0,fredf|none|san_lite,11425.0,pair:fredf~none,0.9431795996543727,0.0,,,,
ETTm1_h96_iTransformer,2021,deterministic,2.0,fredf|none|san_lite,11425.0,pair:fredf~san_lite,0.8821389043428818,0.0,,,,
ETTm1_h96_iTransformer,2021,deterministic,2.0,fredf|none|san_lite,11425.0,pair:none~san_lite,0.9086071670322796,0.0,,,,
ETTm2_h192_DLinear,2021,deterministic,4.0,fredf|none|revin|san_lite,11329.0,index_order,0.9131325790829267,0.0004997501249375312,97.18751061684478,0.0,7.131862880859818e-06,0.003900501292829351
ETTm2_h192_DLinear,2021,deterministic,4.0,fredf|none|revin|san_lite,11329.0,full_permutation,-9.801167225456132e-05,0.5152423788105946,-0.010431683915364741,0.504161564292561,-1.8079946794577666e-05,0.0039048824862555373
ETTm2_h192_DLinear,2021,deterministic,2.0,fredf|none|revin|san_lite,11329.0,pair:fredf~none,0.9429510948250729,0.0,,,,
ETTm2_h192_DLinear,2021,deterministic,2.0,fredf|none|revin|san_lite,11329.0,pair:fredf~revin,0.9377545849646872,0.0,,,,
ETTm2_h192_DLinear,2021,deterministic,2.0,fredf|none|revin|san_lite,11329.0,pair:fredf~san_lite,0.9281717475117947,0.0,,,,
ETTm2_h192_DLinear,2021,deterministic,2.0,fredf|none|revin|san_lite,11329.0,pair:none~revin,0.8612194199189592,0.0,,,,
ETTm2_h192_DLinear,2021,deterministic,2.0,fredf|none|revin|san_lite,11329.0,pair:none~san_lite,0.835875975771938,0.0,,,,
ETTm2_h192_DLinear,2021,deterministic,2.0,fredf|none|revin|san_lite,11329.0,pair:revin~san_lite,0.9728226515051086,0.0,,,,
ETTm2_h336_DLinear,2021,deterministic,4.0,fredf|none|revin|san_lite,11185.0,index_order,0.8799921996996877,0.0004997501249375312,93.06307571113899,0.0,-1.7128744910743738e-05,0.003822330400971941
ETTm2_h336_DLinear,2021,deterministic,4.0,fredf|none|revin|san_lite,11185.0,full_permutation,-0.0017473817286027444,0.6821589205397302,-0.1847933631238025,0.573304443165973,5.653690181800139e-05,0.0037086409918510926
ETTm2_h336_DLinear,2021,deterministic,2.0,fredf|none|revin|san_lite,11185.0,pair:fredf~none,0.9222877277017669,0.0,,,,
ETTm2_h336_DLinear,2021,deterministic,2.0,fredf|none|revin|san_lite,11185.0,pair:fredf~revin,0.9210220502190065,0.0,,,,
ETTm2_h336_DLinear,2021,deterministic,2.0,fredf|none|revin|san_lite,11185.0,pair:fredf~san_lite,0.9106597540829798,0.0,,,,
ETTm2_h336_DLinear,2021,deterministic,2.0,fredf|none|revin|san_lite,11185.0,pair:none~revin,0.7787462850129159,0.0,,,,
ETTm2_h336_DLinear,2021,deterministic,2.0,fredf|none|revin|san_lite,11185.0,pair:none~san_lite,0.7622196465896465,0.0,,,,
ETTm2_h336_DLinear,2021,deterministic,2.0,fredf|none|revin|san_lite,11185.0,pair:revin~san_lite,0.9850177345918111,0.0,,,,
ETTm2_h336_DLinear,2021,shuffled,4.0,fredf|none|revin|san_lite,11185.0,index_order,0.8602735034806589,0.0004997501249375312,90.97773618224012,0.0,-5.35152003085745e-06,0.0038223634793357352
ETTm2_h336_DLinear,2021,shuffled,4.0,fredf|none|revin|san_lite,11185.0,full_permutation,0.0025724988207823864,0.26186906546726635,0.27205315297906946,0.3927905749325466,6.485978474199956e-05,0.0038786640518158897
ETTm2_h336_DLinear,2021,shuffled,2.0,fredf|none|revin|san_lite,11185.0,pair:fredf~none,0.9087148134199081,0.0,,,,
ETTm2_h336_DLinear,2021,shuffled,2.0,fredf|none|revin|san_lite,11185.0,pair:fredf~revin,0.911269517678672,0.0,,,,
ETTm2_h336_DLinear,2021,shuffled,2.0,fredf|none|revin|san_lite,11185.0,pair:fredf~san_lite,0.9002587270216627,0.0,,,,
ETTm2_h336_DLinear,2021,shuffled,2.0,fredf|none|revin|san_lite,11185.0,pair:none~revin,0.7364881617880206,0.0,,,,
ETTm2_h336_DLinear,2021,shuffled,2.0,fredf|none|revin|san_lite,11185.0,pair:none~san_lite,0.7196073599578915,0.0,,,,
ETTm2_h336_DLinear,2021,shuffled,2.0,fredf|none|revin|san_lite,11185.0,pair:revin~san_lite,0.985302441017799,0.0,,,,
ETTm2_h336_DLinear,2022,deterministic,4.0,fredf|none|revin|san_lite,11185.0,index_order,0.8782534601380453,0.0004997501249375312,92.87919629547791,0.0,-1.5675414344073566e-05,0.003820513633709195
ETTm2_h336_DLinear,2022,deterministic,4.0,fredf|none|revin|san_lite,11185.0,full_permutation,0.005269349723099409,0.09795102448775612,0.5572570897749102,0.28867589446916464,0.00010877811900574056,0.003930931468179414
ETTm2_h336_DLinear,2022,deterministic,2.0,fredf|none|revin|san_lite,11185.0,pair:fredf~none,0.9170216453856154,0.0,,,,
ETTm2_h336_DLinear,2022,deterministic,2.0,fredf|none|revin|san_lite,11185.0,pair:fredf~revin,0.9230399027591878,0.0,,,,
ETTm2_h336_DLinear,2022,deterministic,2.0,fredf|none|revin|san_lite,11185.0,pair:fredf~san_lite,0.9123040374024078,0.0,,,,
ETTm2_h336_DLinear,2022,deterministic,2.0,fredf|none|revin|san_lite,11185.0,pair:none~revin,0.7737349347766888,0.0,,,,
ETTm2_h336_DLinear,2022,deterministic,2.0,fredf|none|revin|san_lite,11185.0,pair:none~san_lite,0.7577057306965579,0.0,,,,
ETTm2_h336_DLinear,2022,deterministic,2.0,fredf|none|revin|san_lite,11185.0,pair:revin~san_lite,0.9857145098078139,0.0,,,,
ETTm2_h336_DLinear,2022,shuffled,4.0,fredf|none|revin|san_lite,11185.0,index_order,0.8742627294948386,0.0004997501249375312,92.45715884092066,0.0,-1.7684510729769744e-05,0.0038194817191372628
ETTm2_h336_DLinear,2022,shuffled,4.0,fredf|none|revin|san_lite,11185.0,full_permutation,-0.0029893530738384065,0.777111444277861,-0.31613733795923377,0.6240508663375339,-7.450067183600684e-05,0.0038550822499123566
ETTm2_h336_DLinear,2022,shuffled,2.0,fredf|none|revin|san_lite,11185.0,pair:fredf~none,0.9263706991974623,0.0,,,,
ETTm2_h336_DLinear,2022,shuffled,2.0,fredf|none|revin|san_lite,11185.0,pair:fredf~revin,0.9150408772392605,0.0,,,,
ETTm2_h336_DLinear,2022,shuffled,2.0,fredf|none|revin|san_lite,11185.0,pair:fredf~san_lite,0.9046949364911014,0.0,,,,
ETTm2_h336_DLinear,2022,shuffled,2.0,fredf|none|revin|san_lite,11185.0,pair:none~revin,0.7649267786299092,0.0,,,,
ETTm2_h336_DLinear,2022,shuffled,2.0,fredf|none|revin|san_lite,11185.0,pair:none~san_lite,0.7496461207634161,0.0,,,,
ETTm2_h336_DLinear,2022,shuffled,2.0,fredf|none|revin|san_lite,11185.0,pair:revin~san_lite,0.984896964647882,0.0,,,,
ETTm2_h336_DLinear,2023,deterministic,4.0,fredf|none|revin|san_lite,11185.0,index_order,0.8693058521892242,0.0004997501249375312,91.93294709433853,0.0,-1.0799439371552602e-05,0.0038221079790498424
ETTm2_h336_DLinear,2023,deterministic,4.0,fredf|none|revin|san_lite,11185.0,full_permutation,-0.0023617736848215746,0.7406296851574213,-0.24976803580547002,0.5986166299247131,2.4273827116737063e-05,0.0038061475073048827
ETTm2_h336_DLinear,2023,deterministic,2.0,fredf|none|revin|san_lite,11185.0,pair:fredf~none,0.9152133061276493,0.0,,,,
ETTm2_h336_DLinear,2023,deterministic,2.0,fredf|none|revin|san_lite,11185.0,pair:fredf~revin,0.9142473225873048,0.0,,,,
ETTm2_h336_DLinear,2023,deterministic,2.0,fredf|none|revin|san_lite,11185.0,pair:fredf~san_lite,0.9040730691493862,0.0,,,,
ETTm2_h336_DLinear,2023,deterministic,2.0,fredf|none|revin|san_lite,11185.0,pair:none~revin,0.7566243215976635,0.0,,,,
ETTm2_h336_DLinear,2023,deterministic,2.0,fredf|none|revin|san_lite,11185.0,pair:none~san_lite,0.7403359610546572,0.0,,,,
ETTm2_h336_DLinear,2023,deterministic,2.0,fredf|none|revin|san_lite,11185.0,pair:revin~san_lite,0.9853411326186841,0.0,,,,
ETTm2_h336_DLinear,2023,shuffled,4.0,fredf|none|revin|san_lite,11185.0,index_order,0.8609231708791135,0.0004997501249375312,91.04644138929773,0.0,-3.9336949720500775e-06,0.0038254833815242377
ETTm2_h336_DLinear,2023,shuffled,4.0,fredf|none|revin|san_lite,11185.0,full_permutation,-0.008140974857691578,0.9905047476261869,-0.8609441763260883,0.8053656053089461,0.000157593466428323,0.003644009613619462
ETTm2_h336_DLinear,2023,shuffled,2.0,fredf|none|revin|san_lite,11185.0,pair:fredf~none,0.8983523743701888,0.0,,,,
ETTm2_h336_DLinear,2023,shuffled,2.0,fredf|none|revin|san_lite,11185.0,pair:fredf~revin,0.9172126168408942,0.0,,,,
ETTm2_h336_DLinear,2023,shuffled,2.0,fredf|none|revin|san_lite,11185.0,pair:fredf~san_lite,0.9078405689890816,0.0,,,,
ETTm2_h336_DLinear,2023,shuffled,2.0,fredf|none|revin|san_lite,11185.0,pair:none~revin,0.7374950050461294,0.0,,,,
ETTm2_h336_DLinear,2023,shuffled,2.0,fredf|none|revin|san_lite,11185.0,pair:none~san_lite,0.7206174756270707,0.0,,,,
ETTm2_h336_DLinear,2023,shuffled,2.0,fredf|none|revin|san_lite,11185.0,pair:revin~san_lite,0.9840209844013165,0.0,,,,
ETTm2_h336_PatchTST,2021,deterministic,3.0,fredf|none|san_lite,11185.0,index_order,0.9651584474507681,0.0004997501249375312,102.06978391286763,0.0,-2.883556293493969e-05,0.00550656658572987
ETTm2_h336_PatchTST,2021,deterministic,3.0,fredf|none|san_lite,11185.0,full_permutation,-0.0031034304059056237,0.7261369315342329,-0.32820152147667764,0.6286203512334299,0.0001159373285285996,0.005486337950153697
ETTm2_h336_PatchTST,2021,deterministic,2.0,fredf|none|san_lite,11185.0,pair:fredf~none,0.9680361891668204,0.0,,,,
ETTm2_h336_PatchTST,2021,deterministic,2.0,fredf|none|san_lite,11185.0,pair:fredf~san_lite,0.9663154185636466,0.0,,,,
ETTm2_h336_PatchTST,2021,deterministic,2.0,fredf|none|san_lite,11185.0,pair:none~san_lite,0.9611237346218371,0.0,,,,
ETTm2_h336_iTransformer,2021,deterministic,3.0,fredf|none|san_lite,11185.0,index_order,0.8723902964251827,0.0004997501249375312,92.25914074418651,0.0,-1.918724799604841e-05,0.005585441789362714
ETTm2_h336_iTransformer,2021,deterministic,3.0,fredf|none|san_lite,11185.0,full_permutation,0.0027836086322552966,0.2943528235882059,0.29437895129315955,0.38423417457106385,-0.000258979474768563,0.005416507273165927
ETTm2_h336_iTransformer,2021,deterministic,2.0,fredf|none|san_lite,11185.0,pair:fredf~none,0.8964260030627293,0.0,,,,
ETTm2_h336_iTransformer,2021,deterministic,2.0,fredf|none|san_lite,11185.0,pair:fredf~san_lite,0.8891551047099302,0.0,,,,
ETTm2_h336_iTransformer,2021,deterministic,2.0,fredf|none|san_lite,11185.0,pair:none~san_lite,0.8315897815028882,0.0,,,,
ETTm2_h720_DLinear,2021,deterministic,4.0,fredf|none|revin|san_lite,10801.0,index_order,0.7564912525432134,0.0004997501249375312,78.61687709317586,0.0,5.544035759011981e-05,0.0039041113569861386
ETTm2_h720_DLinear,2021,deterministic,4.0,fredf|none|revin|san_lite,10801.0,full_permutation,-0.002331065535007512,0.7316341829085458,-0.2422514365443443,0.5957073294378907,-8.418621039201594e-07,0.0038893822281657986
ETTm2_h720_DLinear,2021,deterministic,2.0,fredf|none|revin|san_lite,10801.0,pair:fredf~none,0.8382614818421985,0.0,,,,
ETTm2_h720_DLinear,2021,deterministic,2.0,fredf|none|revin|san_lite,10801.0,pair:fredf~revin,0.8524397376937203,0.0,,,,
ETTm2_h720_DLinear,2021,deterministic,2.0,fredf|none|revin|san_lite,10801.0,pair:fredf~san_lite,0.8376903645385877,0.0,,,,
ETTm2_h720_DLinear,2021,deterministic,2.0,fredf|none|revin|san_lite,10801.0,pair:none~revin,0.5188860665433364,0.0,,,,
ETTm2_h720_DLinear,2021,deterministic,2.0,fredf|none|revin|san_lite,10801.0,pair:none~san_lite,0.5004520612659614,0.0,,,,
ETTm2_h720_DLinear,2021,deterministic,2.0,fredf|none|revin|san_lite,10801.0,pair:revin~san_lite,0.9912178033754758,0.0,,,,
ETTm2_h96_DLinear,2021,deterministic,4.0,fredf|none|revin|san_lite,11425.0,index_order,0.9204805504507698,0.0004997501249375312,98.38382735741241,0.0,4.6019386412148746e-05,0.003936668617244815
ETTm2_h96_DLinear,2021,deterministic,4.0,fredf|none|revin|san_lite,11425.0,full_permutation,-0.002581485185633831,0.7536231884057971,-0.2759171746809223,0.6086941588558948,-7.589175997691126e-06,0.003846986039369425
ETTm2_h96_DLinear,2021,deterministic,2.0,fredf|none|revin|san_lite,11425.0,pair:fredf~none,0.9153348944425955,0.0,,,,
ETTm2_h96_DLinear,2021,deterministic,2.0,fredf|none|revin|san_lite,11425.0,pair:fredf~revin,0.9494741551086153,0.0,,,,
ETTm2_h96_DLinear,2021,deterministic,2.0,fredf|none|revin|san_lite,11425.0,pair:fredf~san_lite,0.9373336459321655,0.0,,,,
ETTm2_h96_DLinear,2021,deterministic,2.0,fredf|none|revin|san_lite,11425.0,pair:none~revin,0.9066760548144722,0.0,,,,
ETTm2_h96_DLinear,2021,deterministic,2.0,fredf|none|revin|san_lite,11425.0,pair:none~san_lite,0.8625195429553826,0.0,,,,
ETTm2_h96_DLinear,2021,deterministic,2.0,fredf|none|revin|san_lite,11425.0,pair:revin~san_lite,0.9515450094513889,0.0,,,,
ETTm2_h96_DLinear,2021,shuffled,4.0,fredf|none|revin|san_lite,11425.0,index_order,0.9278753341988578,0.0004997501249375312,99.1742048697466,0.0,5.4764924110465274e-05,0.003927173448107212
ETTm2_h96_DLinear,2021,shuffled,4.0,fredf|none|revin|san_lite,11425.0,full_permutation,0.005914404499838643,0.06296851574212893,0.6321499687843204,0.26364444307348206,-5.232282467218094e-05,0.003827330001811908
ETTm2_h96_DLinear,2021,shuffled,2.0,fredf|none|revin|san_lite,11425.0,pair:fredf~none,0.9234628559747118,0.0,,,,
ETTm2_h96_DLinear,2021,shuffled,2.0,fredf|none|revin|san_lite,11425.0,pair:fredf~revin,0.95469353956747,0.0,,,,
ETTm2_h96_DLinear,2021,shuffled,2.0,fredf|none|revin|san_lite,11425.0,pair:fredf~san_lite,0.9387561563242816,0.0,,,,
ETTm2_h96_DLinear,2021,shuffled,2.0,fredf|none|revin|san_lite,11425.0,pair:none~revin,0.919788733029511,0.0,,,,
ETTm2_h96_DLinear,2021,shuffled,2.0,fredf|none|revin|san_lite,11425.0,pair:none~san_lite,0.8748715505065032,0.0,,,,
ETTm2_h96_DLinear,2021,shuffled,2.0,fredf|none|revin|san_lite,11425.0,pair:revin~san_lite,0.9556791697906699,0.0,,,,
ETTm2_h96_DLinear,2022,deterministic,4.0,fredf|none|revin|san_lite,11425.0,index_order,0.9250362629105665,0.0004997501249375312,98.87075609036083,0.0,5.084459992756532e-05,0.003931426788578998
ETTm2_h96_DLinear,2022,deterministic,4.0,fredf|none|revin|san_lite,11425.0,full_permutation,-0.0066709459291676015,0.9655172413793104,-0.7130114724145495,0.7620806709728305,2.4215091192935867e-05,0.0038273908903049643
ETTm2_h96_DLinear,2022,deterministic,2.0,fredf|none|revin|san_lite,11425.0,pair:fredf~none,0.9240398858297716,0.0,,,,
ETTm2_h96_DLinear,2022,deterministic,2.0,fredf|none|revin|san_lite,11425.0,pair:fredf~revin,0.9520731819853837,0.0,,,,
ETTm2_h96_DLinear,2022,deterministic,2.0,fredf|none|revin|san_lite,11425.0,pair:fredf~san_lite,0.9352623673767427,0.0,,,,
ETTm2_h96_DLinear,2022,deterministic,2.0,fredf|none|revin|san_lite,11425.0,pair:none~revin,0.9165004737286797,0.0,,,,
ETTm2_h96_DLinear,2022,deterministic,2.0,fredf|none|revin|san_lite,11425.0,pair:none~san_lite,0.8726453341176673,0.0,,,,
ETTm2_h96_DLinear,2022,deterministic,2.0,fredf|none|revin|san_lite,11425.0,pair:revin~san_lite,0.9496963344251533,0.0,,,,
ETTm2_h96_DLinear,2022,shuffled,4.0,fredf|none|revin|san_lite,11425.0,index_order,0.9382428337239183,0.0004997501249375312,100.28231550054929,0.0,5.7206707317842576e-05,0.003926608855445334
ETTm2_h96_DLinear,2022,shuffled,4.0,fredf|none|revin|san_lite,11425.0,full_permutation,-0.0018600534755194526,0.6756621689155422,-0.19880830716243159,0.5787936512341969,-0.0001898558525430282,0.0037802095421258395
ETTm2_h96_DLinear,2022,shuffled,2.0,fredf|none|revin|san_lite,11425.0,pair:fredf~none,0.9441533031646342,0.0,,,,
ETTm2_h96_DLinear,2022,shuffled,2.0,fredf|none|revin|san_lite,11425.0,pair:fredf~revin,0.9575503446927998,0.0,,,,
ETTm2_h96_DLinear,2022,shuffled,2.0,fredf|none|revin|san_lite,11425.0,pair:fredf~san_lite,0.9390955441610875,0.0,,,,
ETTm2_h96_DLinear,2022,shuffled,2.0,fredf|none|revin|san_lite,11425.0,pair:none~revin,0.9368364590956885,0.0,,,,
ETTm2_h96_DLinear,2022,shuffled,2.0,fredf|none|revin|san_lite,11425.0,pair:none~san_lite,0.8945465387230206,0.0,,,,
ETTm2_h96_DLinear,2022,shuffled,2.0,fredf|none|revin|san_lite,11425.0,pair:revin~san_lite,0.9572748125062802,0.0,,,,
ETTm2_h96_DLinear,2023,deterministic,4.0,fredf|none|revin|san_lite,11425.0,index_order,0.9249379513568594,0.0004997501249375312,98.86024824538526,0.0,5.325507530454669e-05,0.0039378132764186545
ETTm2_h96_DLinear,2023,deterministic,4.0,fredf|none|revin|san_lite,11425.0,full_permutation,0.0051069397581423575,0.09245377311344327,0.5458456229669736,0.29258602967288916,6.876705797623144e-05,0.003773348686882857
ETTm2_h96_DLinear,2023,deterministic,2.0,fredf|none|revin|san_lite,11425.0,pair:fredf~none,0.9216561825113258,0.0,,,,
ETTm2_h96_DLinear,2023,deterministic,2.0,fredf|none|revin|san_lite,11425.0,pair:fredf~revin,0.949020924795108,0.0,,,,
ETTm2_h96_DLinear,2023,deterministic,2.0,fredf|none|revin|san_lite,11425.0,pair:fredf~san_lite,0.9363881496784868,0.0,,,,
ETTm2_h96_DLinear,2023,deterministic,2.0,fredf|none|revin|san_lite,11425.0,pair:none~revin,0.9149081595843384,0.0,,,,
ETTm2_h96_DLinear,2023,deterministic,2.0,fredf|none|revin|san_lite,11425.0,pair:none~san_lite,0.8723849067079404,0.0,,,,
ETTm2_h96_DLinear,2023,deterministic,2.0,fredf|none|revin|san_lite,11425.0,pair:revin~san_lite,0.9552693848639581,0.0,,,,
ETTm2_h96_DLinear,2023,shuffled,4.0,fredf|none|revin|san_lite,11425.0,index_order,0.9230454724337486,0.0004997501249375312,98.65797420542026,0.0,5.462638854152041e-05,0.0039403881467344835
ETTm2_h96_DLinear,2023,shuffled,4.0,fredf|none|revin|san_lite,11425.0,full_permutation,-0.002337085344207287,0.7501249375312344,-0.249794958634844,0.5986270406928772,0.00020570735003364976,0.0038268668790604845
ETTm2_h96_DLinear,2023,shuffled,2.0,fredf|none|revin|san_lite,11425.0,pair:fredf~none,0.9181363485222988,0.0,,,,
ETTm2_h96_DLinear,2023,shuffled,2.0,fredf|none|revin|san_lite,11425.0,pair:fredf~revin,0.9484166695573102,0.0,,,,
ETTm2_h96_DLinear,2023,shuffled,2.0,fredf|none|revin|san_lite,11425.0,pair:fredf~san_lite,0.9358198889624474,0.0,,,,
ETTm2_h96_DLinear,2023,shuffled,2.0,fredf|none|revin|san_lite,11425.0,pair:none~revin,0.9129062167209888,0.0,,,,
ETTm2_h96_DLinear,2023,shuffled,2.0,fredf|none|revin|san_lite,11425.0,pair:none~san_lite,0.8692093615559127,0.0,,,,
ETTm2_h96_DLinear,2023,shuffled,2.0,fredf|none|revin|san_lite,11425.0,pair:revin~san_lite,0.953784349283535,0.0,,,,
ETTm2_h96_PatchTST,2021,deterministic,3.0,fredf|none|san_lite,11425.0,index_order,0.9359452949750714,0.0004997501249375312,100.03674740516387,0.0,-1.1564092091637265e-05,0.005295140135359257
ETTm2_h96_PatchTST,2021,deterministic,3.0,fredf|none|san_lite,11425.0,full_permutation,-0.0020859180675134926,0.6416791604197901,-0.2229494180354554,0.5882125629143973,-6.941322893140674e-05,0.005308859704348291
ETTm2_h96_PatchTST,2021,deterministic,2.0,fredf|none|san_lite,11425.0,pair:fredf~none,0.9533877590391836,0.0,,,,
ETTm2_h96_PatchTST,2021,deterministic,2.0,fredf|none|san_lite,11425.0,pair:fredf~san_lite,0.9284963186724514,0.0,,,,
ETTm2_h96_PatchTST,2021,deterministic,2.0,fredf|none|san_lite,11425.0,pair:none~san_lite,0.9259518072135795,0.0,,,,
ETTm2_h96_iTransformer,2021,deterministic,3.0,fredf|none|san_lite,11425.0,index_order,0.8495051545427357,0.0004997501249375312,90.79775604474811,0.0,1.2864964395339761e-05,0.005281561368560782
ETTm2_h96_iTransformer,2021,deterministic,3.0,fredf|none|san_lite,11425.0,full_permutation,-0.008631930935280313,0.9545227386306847,-0.9226076558400306,0.8218941477295897,0.00017260036425200385,0.00535225168709457
ETTm2_h96_iTransformer,2021,deterministic,2.0,fredf|none|san_lite,11425.0,pair:fredf~none,0.8841091101310098,0.0,,,,
ETTm2_h96_iTransformer,2021,deterministic,2.0,fredf|none|san_lite,11425.0,pair:fredf~san_lite,0.8168480038066751,0.0,,,,
ETTm2_h96_iTransformer,2021,deterministic,2.0,fredf|none|san_lite,11425.0,pair:none~san_lite,0.8475583496905226,0.0,,,,
Exchange_h192_DLinear,2021,deterministic,4.0,fredf|none|revin|san_lite,569.0,index_order,0.7496795235073997,0.0004997501249375312,17.866925095405982,1.0671987639267088e-71,0.000816995779598505,0.016731237951885154
Exchange_h192_DLinear,2021,deterministic,4.0,fredf|none|revin|san_lite,569.0,full_permutation,-0.028048147361646524,0.9600199900049975,-0.6684645001785232,0.7480814324372087,-9.600241972291295e-05,0.0167927058814753
Exchange_h192_DLinear,2021,deterministic,2.0,fredf|none|revin|san_lite,569.0,pair:fredf~none,0.9643969822077411,0.0,,,,
Exchange_h192_DLinear,2021,deterministic,2.0,fredf|none|revin|san_lite,569.0,pair:fredf~revin,0.6400750539682457,6.570312454133945e-67,,,,
Exchange_h192_DLinear,2021,deterministic,2.0,fredf|none|revin|san_lite,569.0,pair:fredf~san_lite,0.7245082277961544,1.0706001251878773e-93,,,,
Exchange_h192_DLinear,2021,deterministic,2.0,fredf|none|revin|san_lite,569.0,pair:none~revin,0.6093992034716857,3.8396851703207177e-59,,,,
Exchange_h192_DLinear,2021,deterministic,2.0,fredf|none|revin|san_lite,569.0,pair:none~san_lite,0.6513629831900478,5.3870654086027577e-70,,,,
Exchange_h192_DLinear,2021,deterministic,2.0,fredf|none|revin|san_lite,569.0,pair:revin~san_lite,0.9083346904105235,8.264816696503058e-217,,,,
Exchange_h336_DLinear,2021,deterministic,4.0,fredf|none|revin|san_lite,425.0,index_order,0.8750752424275584,0.0004997501249375312,18.018902083137355,6.923207727764438e-73,0.0003846978709102561,0.019772988087026742
Exchange_h336_DLinear,2021,deterministic,4.0,fredf|none|revin|san_lite,425.0,full_permutation,-0.006668464356244758,0.6181909045477262,-0.13731208524050204,0.5546079408606316,-0.00047209399571680933,0.01978315832312156
Exchange_h336_DLinear,2021,deterministic,2.0,fredf|none|revin|san_lite,425.0,pair:fredf~none,0.9690955276609715,3.013127579098918e-259,,,,
Exchange_h336_DLinear,2021,deterministic,2.0,fredf|none|revin|san_lite,425.0,pair:fredf~revin,0.7613338856669428,1.271931887794127e-81,,,,
Exchange_h336_DLinear,2021,deterministic,2.0,fredf|none|revin|san_lite,425.0,pair:fredf~san_lite,0.8696826687092589,8.926798497269525e-132,,,,
Exchange_h336_DLinear,2021,deterministic,2.0,fredf|none|revin|san_lite,425.0,pair:none~revin,0.8076831689359242,4.28308317561893e-99,,,,
Exchange_h336_DLinear,2021,deterministic,2.0,fredf|none|revin|san_lite,425.0,pair:none~san_lite,0.8827646902502697,7.37228008676845e-141,,,,
Exchange_h336_DLinear,2021,deterministic,2.0,fredf|none|revin|san_lite,425.0,pair:revin~san_lite,0.9598915133419831,9.948350853466246e-236,,,,
Exchange_h336_PatchTST,2021,deterministic,3.0,fredf|none|san_lite,425.0,index_order,0.8962650784470049,0.0004997501249375312,18.455227511946124,2.366837844402702e-76,-0.0007342203758994962,0.02917404780293362
Exchange_h336_PatchTST,2021,deterministic,3.0,fredf|none|san_lite,425.0,full_permutation,0.03326085257382252,0.13043478260869565,0.6848828725479443,0.2467089173637187,0.0008320558534335872,0.028410406695728325
Exchange_h336_PatchTST,2021,deterministic,2.0,fredf|none|san_lite,425.0,pair:fredf~none,0.8694153600850386,1.3363274643516964e-131,,,,
Exchange_h336_PatchTST,2021,deterministic,2.0,fredf|none|san_lite,425.0,pair:fredf~san_lite,0.8444921917743977,8.913444504942481e-117,,,,
Exchange_h336_PatchTST,2021,deterministic,2.0,fredf|none|san_lite,425.0,pair:none~san_lite,0.9748876834815776,4.816997776082276e-278,,,,
Exchange_h336_iTransformer,2021,deterministic,3.0,fredf|none|san_lite,425.0,index_order,0.8225846607577393,0.0004997501249375312,16.938054853621896,1.1789659603939421e-64,-0.0010931655750261837,0.028485828440090132
Exchange_h336_iTransformer,2021,deterministic,3.0,fredf|none|san_lite,425.0,full_permutation,-0.012200163615805079,0.6511744127936032,-0.25121674449571146,0.5991767303207232,-0.0006556276802509472,0.02828042033958934
Exchange_h336_iTransformer,2021,deterministic,2.0,fredf|none|san_lite,425.0,pair:fredf~none,0.9604944427943912,4.3099063808158706e-237,,,,
Exchange_h336_iTransformer,2021,deterministic,2.0,fredf|none|san_lite,425.0,pair:fredf~san_lite,0.7490899001109877,1.1642249885920028e-77,,,,
Exchange_h336_iTransformer,2021,deterministic,2.0,fredf|none|san_lite,425.0,pair:none~san_lite,0.7581696393678384,1.4154272731772271e-80,,,,
Exchange_h720_DLinear,2021,deterministic,4.0,fredf|none|revin|san_lite,41.0,index_order,-0.19198606271777,1.0,-1.214226474392179,0.8876693732472356,-0.0014727642276422762,0.06266143377549196
Exchange_h720_DLinear,2021,deterministic,4.0,fredf|none|revin|san_lite,41.0,full_permutation,-0.06344367015098722,0.8385807096451774,-0.4012530015951166,0.6558830689443936,-0.00029284262485482026,0.06329423792143361
Exchange_h720_DLinear,2021,deterministic,2.0,fredf|none|revin|san_lite,41.0,pair:fredf~none,0.8062717770034844,1.9913142944911327e-10,,,,
Exchange_h720_DLinear,2021,deterministic,2.0,fredf|none|revin|san_lite,41.0,pair:fredf~revin,-0.9303135888501743,1.3947432551729383e-18,,,,
Exchange_h720_DLinear,2021,deterministic,2.0,fredf|none|revin|san_lite,41.0,pair:fredf~san_lite,-0.6538327526132405,3.5611892080631884e-06,,,,
Exchange_h720_DLinear,2021,deterministic,2.0,fredf|none|revin|san_lite,41.0,pair:none~revin,-0.7299651567944252,6.107723073271858e-08,,,,
Exchange_h720_DLinear,2021,deterministic,2.0,fredf|none|revin|san_lite,41.0,pair:none~san_lite,-0.20435540069686417,0.19997533551374813,,,,
Exchange_h720_DLinear,2021,deterministic,2.0,fredf|none|revin|san_lite,41.0,pair:revin~san_lite,0.5602787456445995,0.00013927020652737087,,,,
Exchange_h96_DLinear,2021,deterministic,4.0,fredf|none|revin|san_lite,665.0,index_order,0.7822986180310213,0.0004997501249375312,20.158425256984614,1.134959749397616e-90,0.00024048906797004437,0.015518741214668516
Exchange_h96_DLinear,2021,deterministic,4.0,fredf|none|revin|san_lite,665.0,full_permutation,0.02255402426613587,0.08195902048975512,0.5811765506596975,0.2805607350310038,7.383794134745301e-05,0.016127287993991726
Exchange_h96_DLinear,2021,deterministic,2.0,fredf|none|revin|san_lite,665.0,pair:fredf~none,0.9128827849500013,3.586207998323952e-260,,,,
Exchange_h96_DLinear,2021,deterministic,2.0,fredf|none|revin|san_lite,665.0,pair:fredf~revin,0.7156223757048108,2.0551433797479867e-105,,,,
Exchange_h96_DLinear,2021,deterministic,2.0,fredf|none|revin|san_lite,665.0,pair:fredf~san_lite,0.8468690041613315,5.431637364812642e-184,,,,
Exchange_h96_DLinear,2021,deterministic,2.0,fredf|none|revin|san_lite,665.0,pair:none~revin,0.7175526736084759,3.1117861789845045e-106,,,,
Exchange_h96_DLinear,2021,deterministic,2.0,fredf|none|revin|san_lite,665.0,pair:none~san_lite,0.6927834075582965,3.3035932629949185e-96,,,,
Exchange_h96_DLinear,2021,deterministic,2.0,fredf|none|revin|san_lite,665.0,pair:revin~san_lite,0.8080814622032124,1.6004565715064235e-154,,,,
Exchange_h96_PatchTST,2021,deterministic,3.0,fredf|none|san_lite,665.0,index_order,0.8067789820801868,0.0004997501249375312,20.789240111535857,2.7080859289761172e-96,0.000110585952833892,0.022620848404758042
Exchange_h96_PatchTST,2021,deterministic,3.0,fredf|none|san_lite,665.0,full_permutation,-0.04760808457701291,0.9855072463768116,-1.2267745237610284,0.8900463256629165,0.0012652804471288937,0.022165543828176756
Exchange_h96_PatchTST,2021,deterministic,2.0,fredf|none|san_lite,665.0,pair:fredf~none,0.7730568280029282,3.471005175336623e-133,,,,
Exchange_h96_PatchTST,2021,deterministic,2.0,fredf|none|san_lite,665.0,pair:fredf~san_lite,0.7704810707981286,9.065866918003673e-132,,,,
Exchange_h96_PatchTST,2021,deterministic,2.0,fredf|none|san_lite,665.0,pair:none~san_lite,0.876799047439504,5.30247025010833e-213,,,,
Exchange_h96_iTransformer,2021,deterministic,3.0,fredf|none|san_lite,665.0,index_order,0.6965381678444454,0.0004997501249375312,17.948533042880143,2.4637391176792584e-72,9.149911982822572e-05,0.02224870018662059
Exchange_h96_iTransformer,2021,deterministic,3.0,fredf|none|san_lite,665.0,full_permutation,-0.0379462713007418,0.9485257371314343,-0.9778070114997073,0.8359151087070211,-0.0009238537976331253,0.022546908406370105
Exchange_h96_iTransformer,2021,deterministic,2.0,fredf|none|san_lite,665.0,pair:fredf~none,0.7758875371430857,9.151590986612042e-135,,,,
Exchange_h96_iTransformer,2021,deterministic,2.0,fredf|none|san_lite,665.0,pair:fredf~san_lite,0.6917109200875847,8.513918474411928e-96,,,,
Exchange_h96_iTransformer,2021,deterministic,2.0,fredf|none|san_lite,665.0,pair:none~san_lite,0.6220160463026665,1.8276377142765562e-72,,,,
ILI_h24_DLinear,2021,deterministic,4.0,fredf|none|revin|san_lite,74.0,index_order,0.9408021720350486,0.0004997501249375312,8.038217281470322,4.557744469498474e-16,0.001267683573984944,0.046896383736774856
ILI_h24_DLinear,2021,deterministic,4.0,fredf|none|revin|san_lite,74.0,full_permutation,-0.04662964334197211,0.8460769615192404,-0.3984038473566303,0.6548337388135717,0.000990141922744663,0.04698902088199093
ILI_h24_DLinear,2021,deterministic,2.0,fredf|none|revin|san_lite,74.0,pair:fredf~none,0.9994076268048868,4.1485757069718797e-107,,,,
ILI_h24_DLinear,2021,deterministic,2.0,fredf|none|revin|san_lite,74.0,pair:fredf~revin,0.9905516475379488,7.106236436924983e-64,,,,
ILI_h24_DLinear,2021,deterministic,2.0,fredf|none|revin|san_lite,74.0,pair:fredf~san_lite,0.8888411699370601,4.153498244280358e-26,,,,
ILI_h24_DLinear,2021,deterministic,2.0,fredf|none|revin|san_lite,74.0,pair:none~revin,0.988596815994076,5.987341254915101e-61,,,,
ILI_h24_DLinear,2021,deterministic,2.0,fredf|none|revin|san_lite,74.0,pair:none~san_lite,0.8905590522028877,2.4451656880032345e-26,,,,
ILI_h24_DLinear,2021,deterministic,2.0,fredf|none|revin|san_lite,74.0,pair:revin~san_lite,0.8868567197334318,7.578271173960155e-26,,,,
ILI_h24_PatchTST,2021,deterministic,3.0,fredf|none|san_lite,74.0,index_order,0.9414241638899172,0.0004997501249375312,8.043531582207878,4.3642849121647997e-16,0.0022193409848204368,0.06673149016262325
ILI_h24_PatchTST,2021,deterministic,3.0,fredf|none|san_lite,74.0,full_permutation,0.037620634332963095,0.28335832083958024,0.32143084064205796,0.3739419573198936,-0.00012002961865975582,0.06622439343642877
ILI_h24_PatchTST,2021,deterministic,2.0,fredf|none|san_lite,74.0,pair:fredf~none,0.9968308034061457,6.600292851383667e-81,,,,
ILI_h24_PatchTST,2021,deterministic,2.0,fredf|none|san_lite,74.0,pair:fredf~san_lite,0.9084487226952979,5.453156890812478e-29,,,,
ILI_h24_PatchTST,2021,deterministic,2.0,fredf|none|san_lite,74.0,pair:none~san_lite,0.9189929655683078,8.03230281430081e-31,,,,
ILI_h24_iTransformer,2021,deterministic,3.0,fredf|none|san_lite,74.0,index_order,0.9442478094532888,0.0004997501249375312,8.067656820476774,3.5830065903083414e-16,0.002872407750215969,0.06595398126184372
ILI_h24_iTransformer,2021,deterministic,3.0,fredf|none|san_lite,74.0,full_permutation,0.07582870541774651,0.14042978510744628,0.6478807430918059,0.258531043342518,0.0007380278909046032,0.06878582671375756
ILI_h24_iTransformer,2021,deterministic,2.0,fredf|none|san_lite,74.0,pair:fredf~none,0.9681303221029246,4.9314556606513573e-45,,,,
ILI_h24_iTransformer,2021,deterministic,2.0,fredf|none|san_lite,74.0,pair:fredf~san_lite,0.9299814883376525,5.128093039645963e-33,,,,
ILI_h24_iTransformer,2021,deterministic,2.0,fredf|none|san_lite,74.0,pair:none~san_lite,0.9346316179192891,4.688742555603797e-34,,,,
ILI_h36_DLinear,2021,deterministic,4.0,fredf|none|revin|san_lite,62.0,index_order,0.9299270563152108,0.0004997501249375312,7.262962490202704,1.893514896356538e-13,0.001882412933444134,0.05249395119758139
ILI_h36_DLinear,2021,deterministic,4.0,fredf|none|revin|san_lite,62.0,full_permutation,0.04581434195395062,0.1924037981009495,0.3578214493977195,0.3602384688252617,-0.00016651557502958891,0.05241206377389794
ILI_h36_DLinear,2021,deterministic,2.0,fredf|none|revin|san_lite,62.0,pair:fredf~none,0.9994963612097403,1.266077782276798e-91,,,,
ILI_h36_DLinear,2021,deterministic,2.0,fredf|none|revin|san_lite,62.0,pair:fredf~revin,0.979602628994485,1.6005795713567502e-43,,,,
ILI_h36_DLinear,2021,deterministic,2.0,fredf|none|revin|san_lite,62.0,pair:fredf~san_lite,0.8649240764523684,1.2850540042116158e-19,,,,
ILI_h36_DLinear,2021,deterministic,2.0,fredf|none|revin|san_lite,62.0,pair:none~revin,0.9818690035506535,4.826577090260543e-45,,,,
ILI_h36_DLinear,2021,deterministic,2.0,fredf|none|revin|san_lite,62.0,pair:none~san_lite,0.8739392107980156,1.8513913753293798e-20,,,,
ILI_h36_DLinear,2021,deterministic,2.0,fredf|none|revin|san_lite,62.0,pair:revin~san_lite,0.8797310568860014,4.922184816907911e-21,,,,
ILI_h48_DLinear,2021,deterministic,4.0,fredf|none|revin|san_lite,50.0,index_order,0.873485394157663,0.0004997501249375312,6.114397759103641,4.846114227224746e-10,0.0007925970388155262,0.05835401684450997
ILI_h48_DLinear,2021,deterministic,4.0,fredf|none|revin|san_lite,50.0,full_permutation,-0.006434573829531806,0.5377311344327836,-0.045042016806722644,0.5179630908237725,0.000650252100840336,0.05646947054394073
ILI_h48_DLinear,2021,deterministic,2.0,fredf|none|revin|san_lite,50.0,pair:fredf~none,0.9923169267707082,3.160194911533397e-45,,,,
ILI_h48_DLinear,2021,deterministic,2.0,fredf|none|revin|san_lite,50.0,pair:fredf~revin,0.9283553421368548,2.8764883058118976e-22,,,,
ILI_h48_DLinear,2021,deterministic,2.0,fredf|none|revin|san_lite,50.0,pair:fredf~san_lite,0.8351980792316925,4.667263305316276e-14,,,,
ILI_h48_DLinear,2021,deterministic,2.0,fredf|none|revin|san_lite,50.0,pair:none~revin,0.9515006002400961,3.208236029195459e-26,,,,
ILI_h48_DLinear,2021,deterministic,2.0,fredf|none|revin|san_lite,50.0,pair:none~san_lite,0.8035054021608642,2.170969387673423e-12,,,,
ILI_h48_DLinear,2021,deterministic,2.0,fredf|none|revin|san_lite,50.0,pair:revin~san_lite,0.7300360144057623,1.7908546186700147e-09,,,,
ILI_h48_PatchTST,2021,deterministic,3.0,fredf|none|san_lite,50.0,index_order,0.8075710284113646,0.0004997501249375312,5.652997198879552,7.883693862774958e-09,-0.0010815846338535417,0.08007855076913897
ILI_h48_PatchTST,2021,deterministic,3.0,fredf|none|san_lite,50.0,full_permutation,-0.007507002801120451,0.527736131934033,-0.05254901960784315,0.5209543813687836,-0.001426666666666667,0.08269844634196581
ILI_h48_PatchTST,2021,deterministic,2.0,fredf|none|san_lite,50.0,pair:fredf~none,0.9855942376950779,1.0455530039185511e-38,,,,
ILI_h48_PatchTST,2021,deterministic,2.0,fredf|none|san_lite,50.0,pair:fredf~san_lite,0.6961344537815125,1.9904763771348415e-08,,,,
ILI_h48_PatchTST,2021,deterministic,2.0,fredf|none|san_lite,50.0,pair:none~san_lite,0.7409843937575029,7.608076276422933e-10,,,,
ILI_h48_iTransformer,2021,deterministic,3.0,fredf|none|san_lite,50.0,index_order,0.8934613845538215,0.0004997501249375312,6.25422969187675,1.9974135498900068e-10,-0.0017789995998399358,0.0801276832074046
ILI_h48_iTransformer,2021,deterministic,3.0,fredf|none|san_lite,50.0,full_permutation,0.009299719887955185,0.43478260869565216,0.0650980392156863,0.4740479708011373,-0.0013872749099639865,0.08279244857289056
ILI_h48_iTransformer,2021,deterministic,2.0,fredf|none|san_lite,50.0,pair:fredf~none,0.9801200480192076,2.238657187994692e-35,,,,
ILI_h48_iTransformer,2021,deterministic,2.0,fredf|none|san_lite,50.0,pair:fredf~san_lite,0.8456662665066026,1.0944586592447966e-14,,,,
ILI_h48_iTransformer,2021,deterministic,2.0,fredf|none|san_lite,50.0,pair:none~san_lite,0.8545978391356541,2.909632157369953e-15,,,,
ILI_h60_DLinear,2021,deterministic,4.0,fredf|none|revin|san_lite,38.0,index_order,0.9753072910967647,0.0004997501249375312,5.932562645810059,1.4912126748424637e-09,0.0013935332093226833,0.06621792244628176
ILI_h60_DLinear,2021,deterministic,4.0,fredf|none|revin|san_lite,38.0,full_permutation,-0.07105080789291314,0.8515742128935532,-0.43218519199842903,0.6671965895361618,-0.0005567713462450303,0.06828938675466754
ILI_h60_DLinear,2021,deterministic,2.0,fredf|none|revin|san_lite,38.0,pair:fredf~none,0.999562315351789,1.1986323932037582e-56,,,,
ILI_h60_DLinear,2021,deterministic,2.0,fredf|none|revin|san_lite,38.0,pair:fredf~revin,0.9846810373126162,6.602089824671427e-29,,,,
ILI_h60_DLinear,2021,deterministic,2.0,fredf|none|revin|san_lite,38.0,pair:fredf~san_lite,0.9492285808075281,1.1503577594353845e-19,,,,
ILI_h60_DLinear,2021,deterministic,2.0,fredf|none|revin|san_lite,38.0,pair:none~revin,0.9857752489331437,1.754727019387674e-29,,,,
ILI_h60_DLinear,2021,deterministic,2.0,fredf|none|revin|san_lite,38.0,pair:none~san_lite,0.9509793194003721,6.205509203531182e-20,,,,
ILI_h60_DLinear,2021,deterministic,2.0,fredf|none|revin|san_lite,38.0,pair:revin~san_lite,0.9816172447751396,1.7145368407512508e-27,,,,
Weather_h192_DLinear,2021,deterministic,4.0,fredf|none|revin|san_lite,5079.0,index_order,0.9722023370998537,0.0004997501249375312,69.27922312847161,0.0,0.0001773653509134865,0.005754189620430547
Weather_h192_DLinear,2021,deterministic,4.0,fredf|none|revin|san_lite,5079.0,full_permutation,0.0007088926645333341,0.44627686156921537,0.05051575295204978,0.4798556981954575,8.748070887409427e-05,0.005771315770074659
Weather_h192_DLinear,2021,deterministic,2.0,fredf|none|revin|san_lite,5079.0,pair:fredf~none,0.9957899881502899,0.0,,,,
Weather_h192_DLinear,2021,deterministic,2.0,fredf|none|revin|san_lite,5079.0,pair:fredf~revin,0.9839321237251738,0.0,,,,
Weather_h192_DLinear,2021,deterministic,2.0,fredf|none|revin|san_lite,5079.0,pair:fredf~san_lite,0.9551417198381452,0.0,,,,
Weather_h192_DLinear,2021,deterministic,2.0,fredf|none|revin|san_lite,5079.0,pair:none~revin,0.9767888001421561,0.0,,,,
Weather_h192_DLinear,2021,deterministic,2.0,fredf|none|revin|san_lite,5079.0,pair:none~san_lite,0.9545155897231581,0.0,,,,
Weather_h192_DLinear,2021,deterministic,2.0,fredf|none|revin|san_lite,5079.0,pair:revin~san_lite,0.9670458010201992,0.0,,,,
Weather_h336_DLinear,2021,deterministic,4.0,fredf|none|revin|san_lite,4935.0,index_order,0.9711378315848741,0.0004997501249375312,68.2150882596594,0.0,-3.597029462004181e-05,0.005728533265127617
Weather_h336_DLinear,2021,deterministic,4.0,fredf|none|revin|san_lite,4935.0,full_permutation,0.003753329007755321,0.2683658170914543,0.2636429775511146,0.3960275192447893,-1.0254763515829068e-05,0.005973532989162671
Weather_h336_DLinear,2021,deterministic,2.0,fredf|none|revin|san_lite,4935.0,pair:fredf~none,0.9978472105156032,0.0,,,,
Weather_h336_DLinear,2021,deterministic,2.0,fredf|none|revin|san_lite,4935.0,pair:fredf~revin,0.9776963452313111,0.0,,,,
Weather_h336_DLinear,2021,deterministic,2.0,fredf|none|revin|san_lite,4935.0,pair:fredf~san_lite,0.9567176775956405,0.0,,,,
Weather_h336_DLinear,2021,deterministic,2.0,fredf|none|revin|san_lite,4935.0,pair:none~revin,0.969271290433019,0.0,,,,
Weather_h336_DLinear,2021,deterministic,2.0,fredf|none|revin|san_lite,4935.0,pair:none~san_lite,0.9503887475005847,0.0,,,,
Weather_h336_DLinear,2021,deterministic,2.0,fredf|none|revin|san_lite,4935.0,pair:revin~san_lite,0.974905718233087,0.0,,,,
Weather_h336_PatchTST,2021,deterministic,3.0,fredf|none|san_lite,4935.0,index_order,0.9478690294306,0.0004997501249375312,66.58063088293467,0.0,-0.00014762245344496948,0.00842218593385692
Weather_h336_PatchTST,2021,deterministic,3.0,fredf|none|san_lite,4935.0,full_permutation,-0.008378433657447892,0.8335832083958021,-0.58852160098405,0.7219088803643956,-0.00033448577730597613,0.008195999855572098
Weather_h336_PatchTST,2021,deterministic,2.0,fredf|none|san_lite,4935.0,pair:fredf~none,0.9310500466318065,0.0,,,,
Weather_h336_PatchTST,2021,deterministic,2.0,fredf|none|san_lite,4935.0,pair:fredf~san_lite,0.9245979199913645,0.0,,,,
Weather_h336_PatchTST,2021,deterministic,2.0,fredf|none|san_lite,4935.0,pair:none~san_lite,0.987959121668629,0.0,,,,
Weather_h336_iTransformer,2021,deterministic,3.0,fredf|none|san_lite,4935.0,index_order,0.9575168126978005,0.0004997501249375312,67.25831469431303,0.0,0.00014559323839018852,0.008381950382437258
Weather_h336_iTransformer,2021,deterministic,3.0,fredf|none|san_lite,4935.0,full_permutation,-0.012858568233139642,0.9480259870064968,-0.9032171730813822,0.8167946773620196,1.8190137540933863e-05,0.00809512183103572
Weather_h336_iTransformer,2021,deterministic,2.0,fredf|none|san_lite,4935.0,pair:fredf~none,0.9759867130891274,0.0,,,,
Weather_h336_iTransformer,2021,deterministic,2.0,fredf|none|san_lite,4935.0,pair:fredf~san_lite,0.9447010138594141,0.0,,,,
Weather_h336_iTransformer,2021,deterministic,2.0,fredf|none|san_lite,4935.0,pair:none~san_lite,0.95186271114486,0.0,,,,
Weather_h720_DLinear,2021,deterministic,4.0,fredf|none|revin|san_lite,4551.0,index_order,0.9386871317556403,0.0004997501249375312,63.31790874249181,0.0,5.346334623084851e-05,0.005872688812004748
Weather_h720_DLinear,2021,deterministic,4.0,fredf|none|revin|san_lite,4551.0,full_permutation,-0.0014870345002743113,0.5742128935532234,-0.1003059609533632,0.539949287397041,-8.063493390021561e-05,0.006155113733186717
Weather_h720_DLinear,2021,deterministic,2.0,fredf|none|revin|san_lite,4551.0,pair:fredf~none,0.9955807803312383,0.0,,,,
Weather_h720_DLinear,2021,deterministic,2.0,fredf|none|revin|san_lite,4551.0,pair:fredf~revin,0.9369075286753417,0.0,,,,
Weather_h720_DLinear,2021,deterministic,2.0,fredf|none|revin|san_lite,4551.0,pair:fredf~san_lite,0.9090675189937879,0.0,,,,
Weather_h720_DLinear,2021,deterministic,2.0,fredf|none|revin|san_lite,4551.0,pair:none~revin,0.9240677430064032,0.0,,,,
Weather_h720_DLinear,2021,deterministic,2.0,fredf|none|revin|san_lite,4551.0,pair:none~san_lite,0.8947043602527607,0.0,,,,
Weather_h720_DLinear,2021,deterministic,2.0,fredf|none|revin|san_lite,4551.0,pair:revin~san_lite,0.9717948592743104,0.0,,,,
Weather_h96_DLinear,2021,deterministic,4.0,fredf|none|revin|san_lite,5175.0,index_order,0.9638739615483359,0.0004997501249375312,69.33195722859026,0.0,-8.982745576242393e-05,0.005761826337614662
Weather_h96_DLinear,2021,deterministic,4.0,fredf|none|revin|san_lite,5175.0,full_permutation,0.003148001764171259,0.2893553223388306,0.22643741025895875,0.41043061712587514,2.6881793765276746e-05,0.0056088884326208075
Weather_h96_DLinear,2021,deterministic,2.0,fredf|none|revin|san_lite,5175.0,pair:fredf~none,0.9948677390083579,0.0,,,,
Weather_h96_DLinear,2021,deterministic,2.0,fredf|none|revin|san_lite,5175.0,pair:fredf~revin,0.9861393202716269,0.0,,,,
Weather_h96_DLinear,2021,deterministic,2.0,fredf|none|revin|san_lite,5175.0,pair:fredf~san_lite,0.9344922389732432,0.0,,,,
Weather_h96_DLinear,2021,deterministic,2.0,fredf|none|revin|san_lite,5175.0,pair:none~revin,0.9806611167181787,0.0,,,,
Weather_h96_DLinear,2021,deterministic,2.0,fredf|none|revin|san_lite,5175.0,pair:none~san_lite,0.9391889721940518,0.0,,,,
Weather_h96_DLinear,2021,deterministic,2.0,fredf|none|revin|san_lite,5175.0,pair:revin~san_lite,0.947894382124557,0.0,,,,
Weather_h96_PatchTST,2021,deterministic,3.0,fredf|none|san_lite,5175.0,index_order,0.9475566389374257,0.0004997501249375312,68.15824369499978,0.0,-0.00014020099094038774,0.007705630461826652
Weather_h96_PatchTST,2021,deterministic,3.0,fredf|none|san_lite,5175.0,full_permutation,0.003919664055451519,0.32233883058470764,0.28194348170425115,0.3889934239159529,0.00024117322722930895,0.008227296407121923
Weather_h96_PatchTST,2021,deterministic,2.0,fredf|none|san_lite,5175.0,pair:fredf~none,0.9453277135922131,0.0,,,,
Weather_h96_PatchTST,2021,deterministic,2.0,fredf|none|san_lite,5175.0,pair:fredf~san_lite,0.9316975825074343,0.0,,,,
Weather_h96_PatchTST,2021,deterministic,2.0,fredf|none|san_lite,5175.0,pair:none~san_lite,0.965644620712629,0.0,,,,
Weather_h96_iTransformer,2021,deterministic,3.0,fredf|none|san_lite,5175.0,index_order,0.9279431663518678,0.0004997501249375312,66.74743637303249,0.0,-0.00015739608290994778,0.00788350517525097
Weather_h96_iTransformer,2021,deterministic,3.0,fredf|none|san_lite,5175.0,full_permutation,0.009055530790618155,0.12693653173413294,0.6513690570588523,0.2574041400363504,5.346354760968861e-05,0.008021125643299508
Weather_h96_iTransformer,2021,deterministic,2.0,fredf|none|san_lite,5175.0,pair:fredf~none,0.9632526889798538,0.0,,,,
Weather_h96_iTransformer,2021,deterministic,2.0,fredf|none|san_lite,5175.0,pair:fredf~san_lite,0.9085056053830973,0.0,,,,
Weather_h96_iTransformer,2021,deterministic,2.0,fredf|none|san_lite,5175.0,pair:none~san_lite,0.9120712046926523,0.0,,,,
