block_id,seed,val_order,condition,n_arms,n,modal_arm,modal_share,best_fixed_share,modal_is_best_fixed,entropy_bits
ETTh1_h192_DLinear,2021,deterministic,index,4,2689,1,0.5381182595760505,0.5381182595760505,True,1.7271592050987432
ETTh1_h192_DLinear,2021,deterministic,defect,4,2689,1,0.26887318705838603,0.26887318705838603,True,1.9974513877175728
ETTh1_h336_DLinear,2021,deterministic,index,4,2545,1,0.6781925343811395,0.6781925343811395,True,1.3944430270561534
ETTh1_h336_DLinear,2021,deterministic,defect,4,2545,1,0.2829076620825147,0.2829076620825147,True,1.993419595466676
ETTh1_h336_DLinear,2021,shuffled,index,4,2545,1,0.6726915520628683,0.6726915520628683,True,1.414138325590171
ETTh1_h336_DLinear,2021,shuffled,defect,4,2545,1,0.2923379174852652,0.2923379174852652,True,1.9891571314528664
ETTh1_h336_DLinear,2022,deterministic,index,4,2545,1,0.6738703339882122,0.6738703339882122,True,1.4109742668394964
ETTh1_h336_DLinear,2022,deterministic,defect,4,2545,1,0.2950884086444008,0.2950884086444008,True,1.9885144483252832
ETTh1_h336_DLinear,2022,shuffled,index,4,2545,1,0.674656188605108,0.674656188605108,True,1.4054141610448385
ETTh1_h336_DLinear,2022,shuffled,defect,4,2545,1,0.2915520628683694,0.2915520628683694,True,1.9889933921645861
ETTh1_h336_DLinear,2023,deterministic,index,4,2545,1,0.6789783889980353,0.6789783889980353,True,1.4059081341746629
ETTh1_h336_DLinear,2023,deterministic,defect,4,2545,1,0.28958742632612966,0.28958742632612966,True,1.9910843151701878
ETTh1_h336_DLinear,2023,shuffled,index,4,2545,1,0.6719056974459725,0.6719056974459725,True,1.4112224727502474
ETTh1_h336_DLinear,2023,shuffled,defect,4,2545,1,0.2958742632612967,0.2958742632612967,True,1.988605799530527
ETTh1_h336_PatchTST,2021,deterministic,index,3,2545,1,0.468762278978389,0.468762278978389,True,1.3431066078987834
ETTh1_h336_PatchTST,2021,deterministic,defect,3,2545,1,0.36463654223968567,0.36463654223968567,True,1.5783388576145265
ETTh1_h336_iTransformer,2021,deterministic,index,3,2545,0,0.39646365422396856,0.39646365422396856,True,1.5607961313114127
ETTh1_h336_iTransformer,2021,deterministic,defect,3,2545,0,0.34341846758349703,0.34341846758349703,True,1.584625659939119
ETTh1_h720_DLinear,2021,deterministic,index,4,2161,1,0.8093475242943082,0.8093475242943082,True,0.9934179217369956
ETTh1_h720_DLinear,2021,deterministic,defect,4,2161,1,0.3294770939379917,0.3294770939379917,True,1.9598614974308364
ETTh1_h96_DLinear,2021,deterministic,index,4,2785,1,0.42908438061041293,0.42908438061041293,True,1.886901358402139
ETTh1_h96_DLinear,2021,deterministic,defect,4,2785,1,0.25888689407540394,0.25888689407540394,True,1.9987390069937465
ETTh1_h96_DLinear,2021,shuffled,index,4,2785,1,0.4197486535008977,0.4197486535008977,True,1.8965324565599588
ETTh1_h96_DLinear,2021,shuffled,defect,4,2785,0,0.25601436265709154,0.2535008976660682,False,1.9996926315882853
ETTh1_h96_DLinear,2022,deterministic,index,4,2785,1,0.43087971274685816,0.43087971274685816,True,1.8847927475734254
ETTh1_h96_DLinear,2022,deterministic,defect,4,2785,1,0.25601436265709154,0.25601436265709154,True,1.9997706068948458
ETTh1_h96_DLinear,2022,shuffled,index,4,2785,1,0.4319569120287253,0.4319569120287253,True,1.8836096210886297
ETTh1_h96_DLinear,2022,shuffled,defect,4,2785,1,0.2581687612208258,0.2581687612208258,True,1.9993694202413534
ETTh1_h96_DLinear,2023,deterministic,index,4,2785,1,0.43159784560143627,0.43159784560143627,True,1.8813476700338199
ETTh1_h96_DLinear,2023,deterministic,defect,4,2785,1,0.25888689407540394,0.25888689407540394,True,1.9992220209243499
ETTh1_h96_DLinear,2023,shuffled,index,4,2785,1,0.4326750448833034,0.4326750448833034,True,1.8800820634834656
ETTh1_h96_DLinear,2023,shuffled,defect,4,2785,1,0.25960502692998205,0.25960502692998205,True,1.9993152024324483
ETTh1_h96_PatchTST,2021,deterministic,index,3,2785,1,0.5059245960502693,0.5059245960502693,True,1.4024295876748525
ETTh1_h96_PatchTST,2021,deterministic,defect,3,2785,1,0.3540394973070018,0.3540394973070018,True,1.5819962929124372
ETTh1_h96_iTransformer,2021,deterministic,index,3,2785,2,0.3813285457809695,0.29838420107719926,False,1.5770869053085148
ETTh1_h96_iTransformer,2021,deterministic,defect,3,2785,0,0.348294434470377,0.348294434470377,True,1.5837100661032615
ETTh2_h192_DLinear,2021,deterministic,index,4,2689,2,0.35291930085533657,0.35291930085533657,True,1.8464686868774614
ETTh2_h192_DLinear,2021,deterministic,defect,4,2689,2,0.33432502789140944,0.33432502789140944,True,1.8813248901191997
ETTh2_h336_DLinear,2021,deterministic,index,4,2545,3,0.3618860510805501,0.34852652259332023,False,1.8532071353005988
ETTh2_h336_DLinear,2021,deterministic,defect,4,2545,2,0.3587426326129666,0.3587426326129666,True,1.8543818675039807
ETTh2_h336_DLinear,2021,shuffled,index,4,2545,3,0.3607072691552063,0.3481335952848723,False,1.856822194723275
ETTh2_h336_DLinear,2021,shuffled,defect,4,2545,2,0.36660117878192533,0.36660117878192533,True,1.8498670695590476
ETTh2_h336_DLinear,2022,deterministic,index,4,2545,3,0.3650294695481336,0.34341846758349703,False,1.8282268754276907
ETTh2_h336_DLinear,2022,deterministic,defect,4,2545,3,0.36463654223968567,0.35520628683693517,False,1.8454408678392533
ETTh2_h336_DLinear,2022,shuffled,index,4,2545,3,0.3650294695481336,0.3426326129666012,False,1.8141535271860532
ETTh2_h336_DLinear,2022,shuffled,defect,4,2545,3,0.35481335952848725,0.35442043222003927,False,1.857729803137349
ETTh2_h336_DLinear,2023,deterministic,index,4,2545,3,0.3607072691552063,0.3461689587426326,False,1.8415278794825034
ETTh2_h336_DLinear,2023,deterministic,defect,4,2545,3,0.3614931237721022,0.3524557956777996,False,1.8548950961767914
ETTh2_h336_DLinear,2023,shuffled,index,4,2545,3,0.3650294695481336,0.3418467583497053,False,1.840286060410803
ETTh2_h336_DLinear,2023,shuffled,defect,4,2545,3,0.35795677799607073,0.356385068762279,False,1.8498459275849486
ETTh2_h336_PatchTST,2021,deterministic,index,3,2545,1,0.36777996070726915,0.36777996070726915,True,1.5792287469567463
ETTh2_h336_PatchTST,2021,deterministic,defect,3,2545,1,0.3387033398821218,0.3387033398821218,True,1.584662823009535
ETTh2_h336_iTransformer,2021,deterministic,index,3,2545,0,0.431434184675835,0.431434184675835,True,1.5382570767293389
ETTh2_h336_iTransformer,2021,deterministic,defect,3,2545,0,0.35717092337917483,0.35717092337917483,True,1.5826702857550583
ETTh2_h720_DLinear,2021,deterministic,index,4,2161,3,0.3794539565016196,0.30633965756594167,False,1.7640369245755574
ETTh2_h720_DLinear,2021,deterministic,defect,4,2161,3,0.28690421101341973,0.2836649699213327,False,1.9840948687526194
ETTh2_h96_DLinear,2021,deterministic,index,4,2785,2,0.35942549371633753,0.35942549371633753,True,1.941736229109379
ETTh2_h96_DLinear,2021,deterministic,defect,4,2785,2,0.30915619389587073,0.30915619389587073,True,1.95159761283538
ETTh2_h96_DLinear,2021,shuffled,index,4,2785,2,0.3734290843806104,0.3734290843806104,True,1.9287944178910275
ETTh2_h96_DLinear,2021,shuffled,defect,4,2785,2,0.31597845601436264,0.31597845601436264,True,1.9520764162235746
ETTh2_h96_DLinear,2022,deterministic,index,4,2785,2,0.3694793536804309,0.3694793536804309,True,1.9322532009149174
ETTh2_h96_DLinear,2022,deterministic,defect,4,2785,2,0.31885098743267504,0.31885098743267504,True,1.9471689279373683
ETTh2_h96_DLinear,2022,shuffled,index,4,2785,2,0.36481149012567327,0.36481149012567327,True,1.9365704453530357
ETTh2_h96_DLinear,2022,shuffled,defect,4,2785,2,0.30987432675044885,0.30987432675044885,True,1.9496654711601926
ETTh2_h96_DLinear,2023,deterministic,index,4,2785,2,0.3694793536804309,0.3694793536804309,True,1.9282419226157672
ETTh2_h96_DLinear,2023,deterministic,defect,4,2785,2,0.31095152603231596,0.31095152603231596,True,1.9517406595952438
ETTh2_h96_DLinear,2023,shuffled,index,4,2785,2,0.37953321364452425,0.37953321364452425,True,1.9194435554434592
ETTh2_h96_DLinear,2023,shuffled,defect,4,2785,2,0.3087971274685817,0.3087971274685817,True,1.9625211582591864
ETTh2_h96_PatchTST,2021,deterministic,index,3,2785,0,0.3454219030520646,0.340394973070018,False,1.583733586223064
ETTh2_h96_PatchTST,2021,deterministic,defect,3,2785,1,0.3432675044883303,0.3432675044883303,True,1.5845246078918775
ETTh2_h96_iTransformer,2021,deterministic,index,3,2785,0,0.4621184919210054,0.4621184919210054,True,1.5318653324357565
ETTh2_h96_iTransformer,2021,deterministic,defect,3,2785,0,0.38061041292639136,0.38061041292639136,True,1.5777521192633897
ETTm1_h192_DLinear,2021,deterministic,index,4,11329,1,0.3673757613205049,0.3673757613205049,True,1.933560952722974
ETTm1_h192_DLinear,2021,deterministic,defect,4,11329,2,0.26365963456615765,0.2594227204519375,False,1.9947746850994597
ETTm1_h336_DLinear,2021,deterministic,index,4,11185,1,0.43951721054984355,0.43951721054984355,True,1.8641262565573395
ETTm1_h336_DLinear,2021,deterministic,defect,4,11185,1,0.2681269557443004,0.2681269557443004,True,1.994291279295982
ETTm1_h336_DLinear,2021,shuffled,index,4,11185,1,0.4228877961555655,0.4228877961555655,True,1.8809163793971897
ETTm1_h336_DLinear,2021,shuffled,defect,4,11185,1,0.26437192668752796,0.26437192668752796,True,1.9952648907940955
ETTm1_h336_DLinear,2022,deterministic,index,4,11185,1,0.4406794814483683,0.4406794814483683,True,1.8633119555647784
ETTm1_h336_DLinear,2022,deterministic,defect,4,11185,1,0.26803755029056775,0.26803755029056775,True,1.9945912632475413
ETTm1_h336_DLinear,2022,shuffled,index,4,11185,1,0.446043808672329,0.446043808672329,True,1.8567344452325993
ETTm1_h336_DLinear,2022,shuffled,defect,4,11185,1,0.2641037103263299,0.2641037103263299,True,1.9947279467699686
ETTm1_h336_DLinear,2023,deterministic,index,4,11185,1,0.4569512740277157,0.4569512740277157,True,1.8428357269188314
ETTm1_h336_DLinear,2023,deterministic,defect,4,11185,1,0.26392489941886454,0.26392489941886454,True,1.9947812584145486
ETTm1_h336_DLinear,2023,shuffled,index,4,11185,1,0.437997317836388,0.437997317836388,True,1.866812539411797
ETTm1_h336_DLinear,2023,shuffled,defect,4,11185,1,0.26392489941886454,0.26392489941886454,True,1.994599192991439
ETTm1_h336_PatchTST,2021,deterministic,index,3,11185,1,0.6352257487706751,0.6352257487706751,True,1.22683727766634
ETTm1_h336_PatchTST,2021,deterministic,defect,3,11185,1,0.39293696915511844,0.39293696915511844,True,1.5621460137115242
ETTm1_h336_iTransformer,2021,deterministic,index,3,11185,0,0.34322753687974966,0.34322753687974966,True,1.5839869998046887
ETTm1_h336_iTransformer,2021,deterministic,defect,3,11185,0,0.34331694233348237,0.34331694233348237,True,1.5837355023712218
ETTm1_h720_DLinear,2021,deterministic,index,4,10801,1,0.5781872048884362,0.5781872048884362,True,1.6302653184786808
ETTm1_h720_DLinear,2021,deterministic,defect,4,10801,1,0.27951115637440976,0.27951115637440976,True,1.991788378490648
ETTm1_h96_DLinear,2021,deterministic,index,4,11425,0,0.3690153172866521,0.3690153172866521,True,1.924677748765125
ETTm1_h96_DLinear,2021,deterministic,defect,4,11425,0,0.2778118161925602,0.2778118161925602,True,1.9882203992256464
ETTm1_h96_DLinear,2021,shuffled,index,4,11425,0,0.3677024070021882,0.3677024070021882,True,1.9257485565153132
ETTm1_h96_DLinear,2021,shuffled,defect,4,11425,0,0.27641137855579867,0.27641137855579867,True,1.9878932345093583
ETTm1_h96_DLinear,2022,deterministic,index,4,11425,0,0.3799562363238512,0.3799562363238512,True,1.9226695749192428
ETTm1_h96_DLinear,2022,deterministic,defect,4,11425,0,0.27807439824945296,0.27807439824945296,True,1.9881685476298363
ETTm1_h96_DLinear,2022,shuffled,index,4,11425,0,0.3989496717724289,0.3989496717724289,True,1.905148067382042
ETTm1_h96_DLinear,2022,shuffled,defect,4,11425,0,0.27527352297593,0.27527352297593,True,1.9891233107357564
ETTm1_h96_DLinear,2023,deterministic,index,4,11425,0,0.38205689277899346,0.38205689277899346,True,1.9177412314112634
ETTm1_h96_DLinear,2023,deterministic,defect,4,11425,0,0.27973741794310725,0.27973741794310725,True,1.9887514368910912
ETTm1_h96_DLinear,2023,shuffled,index,4,11425,0,0.3932603938730853,0.3932603938730853,True,1.9102016157567345
ETTm1_h96_DLinear,2023,shuffled,defect,4,11425,0,0.2761487964989059,0.2761487964989059,True,1.988835781467937
ETTm1_h96_PatchTST,2021,deterministic,index,3,11425,1,0.5978993435448577,0.5978993435448577,True,1.3342716209920413
ETTm1_h96_PatchTST,2021,deterministic,defect,3,11425,1,0.40822757111597374,0.40822757111597374,True,1.5579787880483984
ETTm1_h96_iTransformer,2021,deterministic,index,3,11425,0,0.42275711159737417,0.42275711159737417,True,1.559864339306054
ETTm1_h96_iTransformer,2021,deterministic,defect,3,11425,0,0.36420131291028446,0.36420131291028446,True,1.5801685137893255
ETTm2_h192_DLinear,2021,deterministic,index,4,11329,0,0.29746667843587254,0.28131344337540826,False,1.9791054287956644
ETTm2_h192_DLinear,2021,deterministic,defect,4,11329,0,0.2857268955777209,0.2833436313884721,False,1.9748827598609642
ETTm2_h336_DLinear,2021,deterministic,index,4,11185,3,0.28645507375949936,0.2744747429593205,False,1.98767163939814
ETTm2_h336_DLinear,2021,deterministic,defect,4,11185,2,0.3048725972284309,0.3048725972284309,True,1.940163762871233
ETTm2_h336_DLinear,2021,shuffled,index,4,11185,2,0.29468037550290566,0.29468037550290566,True,1.9790790119152848
ETTm2_h336_DLinear,2021,shuffled,defect,4,11185,2,0.31399195350916403,0.31399195350916403,True,1.927194783102605
ETTm2_h336_DLinear,2022,deterministic,index,4,11185,3,0.2844881537773804,0.27805096110862765,False,1.9874687276459502
ETTm2_h336_DLinear,2022,deterministic,defect,4,11185,2,0.31014751899865894,0.31014751899865894,True,1.9402547038619278
ETTm2_h336_DLinear,2022,shuffled,index,4,11185,2,0.2997764863656683,0.2997764863656683,True,1.9782784650106258
ETTm2_h336_DLinear,2022,shuffled,defect,4,11185,2,0.31372373714796603,0.31372373714796603,True,1.9323758963662636
ETTm2_h336_DLinear,2023,deterministic,index,4,11185,3,0.2875279392042915,0.2844881537773804,False,1.9832529833638097
ETTm2_h336_DLinear,2023,deterministic,defect,4,11185,2,0.31578006258381763,0.31578006258381763,True,1.933445579927659
ETTm2_h336_DLinear,2023,shuffled,index,4,11185,2,0.2897630755476084,0.2897630755476084,True,1.9830415870921807
ETTm2_h336_DLinear,2023,shuffled,defect,4,11185,2,0.31408135896289674,0.31408135896289674,True,1.9299334960096117
ETTm2_h336_PatchTST,2021,deterministic,index,3,11185,1,0.38703620920876175,0.38703620920876175,True,1.5717449996681534
ETTm2_h336_PatchTST,2021,deterministic,defect,3,11185,1,0.3440321859633438,0.3440321859633438,True,1.5845781030112747
ETTm2_h336_iTransformer,2021,deterministic,index,3,11185,0,0.4481001341081806,0.4481001341081806,True,1.544069631933184
ETTm2_h336_iTransformer,2021,deterministic,defect,3,11185,0,0.3962449709432275,0.3962449709432275,True,1.5723403404275533
ETTm2_h720_DLinear,2021,deterministic,index,4,10801,2,0.3320062957133599,0.3184890287936302,False,1.9101092057472921
ETTm2_h720_DLinear,2021,deterministic,defect,4,10801,2,0.3567262290528655,0.34506064253309876,False,1.847788221687288
ETTm2_h96_DLinear,2021,deterministic,index,4,11425,0,0.410328227571116,0.410328227571116,True,1.9056683122102156
ETTm2_h96_DLinear,2021,deterministic,defect,4,11425,0,0.30205689277899345,0.30205689277899345,True,1.9828107340283436
ETTm2_h96_DLinear,2021,shuffled,index,4,11425,0,0.417417943107221,0.417417943107221,True,1.9023099304276827
ETTm2_h96_DLinear,2021,shuffled,defect,4,11425,0,0.29978118161925604,0.29978118161925604,True,1.9864743973747845
ETTm2_h96_DLinear,2022,deterministic,index,4,11425,0,0.40857768052516413,0.40857768052516413,True,1.90814298134871
ETTm2_h96_DLinear,2022,deterministic,defect,4,11425,0,0.30048140043763677,0.30048140043763677,True,1.985717443134173
ETTm2_h96_DLinear,2022,shuffled,index,4,11425,0,0.41584245076586435,0.41584245076586435,True,1.8999683583979232
ETTm2_h96_DLinear,2022,shuffled,defect,4,11425,0,0.2992560175054705,0.2992560175054705,True,1.9877426888933731
ETTm2_h96_DLinear,2023,deterministic,index,4,11425,0,0.4186433260393873,0.4186433260393873,True,1.8990482645987155
ETTm2_h96_DLinear,2023,deterministic,defect,4,11425,0,0.29820568927789937,0.29820568927789937,True,1.9853686659024263
ETTm2_h96_DLinear,2023,shuffled,index,4,11425,0,0.4163676148796499,0.4163676148796499,True,1.901952517255962
ETTm2_h96_DLinear,2023,shuffled,defect,4,11425,0,0.30301969365426695,0.30301969365426695,True,1.9841343242242508
ETTm2_h96_PatchTST,2021,deterministic,index,3,11425,1,0.420218818380744,0.420218818380744,True,1.5415247324726544
ETTm2_h96_PatchTST,2021,deterministic,defect,3,11425,1,0.35527352297592996,0.35527352297592996,True,1.583337261430376
ETTm2_h96_iTransformer,2021,deterministic,index,3,11425,0,0.5088840262582057,0.5088840262582057,True,1.4885561261937108
ETTm2_h96_iTransformer,2021,deterministic,defect,3,11425,0,0.39282275711159736,0.39282275711159736,True,1.5732455414645043
Exchange_h192_DLinear,2021,deterministic,index,4,569,2,0.6309314586994728,0.6309314586994728,True,1.3637758092815333
Exchange_h192_DLinear,2021,deterministic,defect,4,569,2,0.3989455184534271,0.3989455184534271,True,1.8568479132951627
Exchange_h336_DLinear,2021,deterministic,index,4,425,2,0.611764705882353,0.611764705882353,True,1.170516651407862
Exchange_h336_DLinear,2021,deterministic,defect,4,425,2,0.48470588235294115,0.48470588235294115,True,1.3836046784742062
Exchange_h336_PatchTST,2021,deterministic,index,3,425,2,0.5247058823529411,0.5247058823529411,True,1.4599990789636323
Exchange_h336_PatchTST,2021,deterministic,defect,3,425,2,0.37411764705882355,0.37411764705882355,True,1.5746518818137623
Exchange_h336_iTransformer,2021,deterministic,index,3,425,2,0.40705882352941175,0.3764705882352941,False,1.536338140388884
Exchange_h336_iTransformer,2021,deterministic,defect,3,425,1,0.34352941176470586,0.3129411764705882,False,1.5835982425200683
Exchange_h720_DLinear,2021,deterministic,index,4,41,3,1.0,1.0,True,-0.0
Exchange_h720_DLinear,2021,deterministic,defect,4,41,3,0.8780487804878049,0.8780487804878049,True,0.5349436990971066
Exchange_h96_DLinear,2021,deterministic,index,4,665,2,0.5368421052631579,0.5368421052631579,True,1.6173158265816836
Exchange_h96_DLinear,2021,deterministic,defect,4,665,2,0.36541353383458647,0.36541353383458647,True,1.8844125784663097
Exchange_h96_PatchTST,2021,deterministic,index,3,665,2,0.4105263157894737,0.4105263157894737,True,1.5593128685207105
Exchange_h96_PatchTST,2021,deterministic,defect,3,665,2,0.37593984962406013,0.37593984962406013,True,1.5728936394996826
Exchange_h96_iTransformer,2021,deterministic,index,3,665,1,0.4330827067669173,0.4330827067669173,True,1.5539550075185302
Exchange_h96_iTransformer,2021,deterministic,defect,3,665,1,0.3879699248120301,0.3879699248120301,True,1.5718533508029267
ILI_h24_DLinear,2021,deterministic,index,4,74,2,0.4594594594594595,0.4594594594594595,True,1.7785961096299956
ILI_h24_DLinear,2021,deterministic,defect,4,74,2,0.35135135135135137,0.35135135135135137,True,1.8935401452552936
ILI_h24_PatchTST,2021,deterministic,index,3,74,1,0.7567567567567568,0.7567567567567568,True,0.9862797907095945
ILI_h24_PatchTST,2021,deterministic,defect,3,74,1,0.47297297297297297,0.47297297297297297,True,1.4942604028418094
ILI_h24_iTransformer,2021,deterministic,index,3,74,1,0.5945945945945946,0.5945945945945946,True,1.2917722755781984
ILI_h24_iTransformer,2021,deterministic,defect,3,74,0,0.4189189189189189,0.40540540540540543,False,1.494689584195397
ILI_h36_DLinear,2021,deterministic,index,4,62,2,0.5967741935483871,0.5967741935483871,True,1.3643186585921567
ILI_h36_DLinear,2021,deterministic,defect,4,62,2,0.3387096774193548,0.3387096774193548,True,1.9579925330172383
ILI_h48_DLinear,2021,deterministic,index,4,50,2,0.72,0.72,True,0.8554508105601306
ILI_h48_DLinear,2021,deterministic,defect,4,50,2,0.38,0.38,True,1.9231437889720058
ILI_h48_PatchTST,2021,deterministic,index,3,50,1,0.94,0.94,True,0.32744491915447627
ILI_h48_PatchTST,2021,deterministic,defect,3,50,1,0.46,0.46,True,1.508894704985911
ILI_h48_iTransformer,2021,deterministic,index,3,50,1,0.64,0.64,True,1.2994705707972523
ILI_h48_iTransformer,2021,deterministic,defect,3,50,1,0.46,0.46,True,1.508894704985911
ILI_h60_DLinear,2021,deterministic,index,4,38,2,0.47368421052631576,0.47368421052631576,True,1.4618381992568745
ILI_h60_DLinear,2021,deterministic,defect,4,38,1,0.2894736842105263,0.2894736842105263,False,1.9771826429855701
Weather_h192_DLinear,2021,deterministic,index,4,5079,1,0.3673951565268754,0.3673951565268754,True,1.927267876536519
Weather_h192_DLinear,2021,deterministic,defect,4,5079,0,0.2852923803898405,0.2630439062807639,False,1.9857485077767196
Weather_h336_DLinear,2021,deterministic,index,4,4935,1,0.4605876393110436,0.4605876393110436,True,1.834000211649092
Weather_h336_DLinear,2021,deterministic,defect,4,4935,0,0.2838905775075988,0.28206686930091185,False,1.984939843937851
Weather_h336_PatchTST,2021,deterministic,index,3,4935,1,0.4828774062816616,0.4828774062816616,True,1.3632195633122097
Weather_h336_PatchTST,2021,deterministic,defect,3,4935,1,0.393515704154002,0.393515704154002,True,1.5427507459592644
Weather_h336_iTransformer,2021,deterministic,index,3,4935,0,0.37142857142857144,0.33454913880445797,False,1.578447951408148
Weather_h336_iTransformer,2021,deterministic,defect,3,4935,0,0.3608915906788247,0.3347517730496454,False,1.5814860591080269
Weather_h720_DLinear,2021,deterministic,index,4,4551,1,0.7237969676994067,0.7237969676994067,True,1.2754301748679304
Weather_h720_DLinear,2021,deterministic,defect,4,4551,1,0.3588222368710174,0.3588222368710174,True,1.9108623464610124
Weather_h96_DLinear,2021,deterministic,index,4,5175,0,0.29681159420289854,0.2811594202898551,False,1.970313254726795
Weather_h96_DLinear,2021,deterministic,defect,4,5175,0,0.28231884057971013,0.25681159420289856,False,1.9850735340004582
Weather_h96_PatchTST,2021,deterministic,index,3,5175,1,0.4815458937198068,0.4815458937198068,True,1.4046939978375925
Weather_h96_PatchTST,2021,deterministic,defect,3,5175,1,0.3849275362318841,0.3849275362318841,True,1.5680537786326065
Weather_h96_iTransformer,2021,deterministic,index,3,5175,0,0.38705314009661834,0.38705314009661834,True,1.5754132899256073
Weather_h96_iTransformer,2021,deterministic,defect,3,5175,0,0.3561352657004831,0.3561352657004831,True,1.5790026581852543
