dataset,backbone,plugin,pred_len,seed,val_order,cell_id,mse,val_mse,best_epoch,epochs_run,n_val_windows,n_test_windows,n_train_windows,n_params,loader_shuffled_val,seq_len,batch_size,plugin_kind,train_seconds,device,truncated,timestamp,winerr_dir,block_id
ETTh1,DLinear,fredf,192,2021,deterministic,DLinear_ETTh1_h192_fredf_s2021_det,0.44298760117342667,0.9548880798782187,9,10,2689,2689,8353,37248,False,96,32,loss,52.9,cuda:0,False,2026-09-16 22:24:26,/data00/home/liumianhan/order-audit/results/winerr/DLinear_ETTh1_h192_fredf_s2021_det,ETTh1_h192_DLinear
ETTh1,DLinear,none,192,2021,deterministic,DLinear_ETTh1_h192_none_s2021_det,0.4460673853814371,0.9152750353855477,4,8,2689,2689,8353,37248,False,96,32,io,39.9,cuda:0,False,2026-09-16 22:24:08,/data00/home/liumianhan/order-audit/results/winerr/DLinear_ETTh1_h192_none_s2021_det,ETTh1_h192_DLinear
ETTh1,DLinear,revin,192,2021,deterministic,DLinear_ETTh1_h192_revin_s2021_det,0.4485532207050252,1.0080200608421064,9,10,2689,2689,8353,37262,False,96,32,io,56.7,cuda:0,False,2026-09-16 22:24:27,/data00/home/liumianhan/order-audit/results/winerr/DLinear_ETTh1_h192_revin_s2021_det,ETTh1_h192_DLinear
ETTh1,DLinear,san_lite,192,2021,deterministic,DLinear_ETTh1_h192_san_lite_s2021_det,0.4616647086783313,1.0362408586203589,9,10,2689,2689,8353,37248,False,96,32,io,57.3,cuda:0,False,2026-09-16 22:24:31,/data00/home/liumianhan/order-audit/results/winerr/DLinear_ETTh1_h192_san_lite_s2021_det,ETTh1_h192_DLinear
ETTh1,DLinear,fredf,336,2021,deterministic,DLinear_ETTh1_h336_fredf_s2021_det,0.4855605890056784,1.1674402964694597,9,10,2545,2545,8209,65184,False,96,32,loss,65.7,cuda:0,False,2026-09-16 22:25:42,/data00/home/liumianhan/order-audit/results/winerr/DLinear_ETTh1_h336_fredf_s2021_det,ETTh1_h336_DLinear
ETTh1,DLinear,fredf,336,2021,shuffled,DLinear_ETTh1_h336_fredf_s2021_shuf,0.48554701693653274,1.1677137836961897,9,10,2545,2545,8209,65184,True,96,32,loss,151.5,cuda:0,False,2026-09-16 23:07:40,/data00/home/liumianhan/order-audit/results/winerr/DLinear_ETTh1_h336_fredf_s2021_shuf,ETTh1_h336_DLinear
ETTh1,DLinear,fredf,336,2022,deterministic,DLinear_ETTh1_h336_fredf_s2022_det,0.48551729248996384,1.166833237997664,9,10,2545,2545,8209,65184,False,96,32,loss,153.5,cuda:0,False,2026-09-16 23:07:59,/data00/home/liumianhan/order-audit/results/winerr/DLinear_ETTh1_h336_fredf_s2022_det,ETTh1_h336_DLinear
ETTh1,DLinear,none,336,2021,deterministic,DLinear_ETTh1_h336_none_s2021_det,0.48671358220504557,1.126107688200142,8,10,2545,2545,8209,65184,False,96,32,io,56.1,cuda:0,False,2026-09-16 22:25:14,/data00/home/liumianhan/order-audit/results/winerr/DLinear_ETTh1_h336_none_s2021_det,ETTh1_h336_DLinear
ETTh1,DLinear,none,336,2021,shuffled,DLinear_ETTh1_h336_none_s2021_shuf,0.4885750527494888,1.1239531674961243,3,7,2545,2545,8209,65184,True,96,32,io,104.3,cuda:0,False,2026-09-16 23:01:26,/data00/home/liumianhan/order-audit/results/winerr/DLinear_ETTh1_h336_none_s2021_shuf,ETTh1_h336_DLinear
ETTh1,DLinear,none,336,2022,deterministic,DLinear_ETTh1_h336_none_s2022_det,0.48789004518110657,1.1238245400421036,4,8,2545,2545,8209,65184,False,96,32,io,120.1,cuda:0,False,2026-09-16 23:01:59,/data00/home/liumianhan/order-audit/results/winerr/DLinear_ETTh1_h336_none_s2022_det,ETTh1_h336_DLinear
ETTh1,DLinear,none,336,2022,shuffled,DLinear_ETTh1_h336_none_s2022_shuf,0.48723626723912183,1.1256444675580202,5,9,2545,2545,8209,65184,True,96,32,io,133.3,cuda:0,False,2026-09-16 23:02:13,/data00/home/liumianhan/order-audit/results/winerr/DLinear_ETTh1_h336_none_s2022_shuf,ETTh1_h336_DLinear
ETTh1,DLinear,none,336,2023,deterministic,DLinear_ETTh1_h336_none_s2023_det,0.489417322406922,1.119438845564856,3,7,2545,2545,8209,65184,False,96,32,io,104.6,cuda:0,False,2026-09-16 23:01:54,/data00/home/liumianhan/order-audit/results/winerr/DLinear_ETTh1_h336_none_s2023_det,ETTh1_h336_DLinear
ETTh1,DLinear,none,336,2023,shuffled,DLinear_ETTh1_h336_none_s2023_shuf,0.486985483005518,1.1258966891029496,6,10,2545,2545,8209,65184,True,96,32,io,149.9,cuda:0,False,2026-09-16 23:04:11,/data00/home/liumianhan/order-audit/results/winerr/DLinear_ETTh1_h336_none_s2023_shuf,ETTh1_h336_DLinear
ETTh1,DLinear,revin,336,2021,deterministic,DLinear_ETTh1_h336_revin_s2021_det,0.4887380601683515,1.293736407048238,9,10,2545,2545,8209,65198,False,96,32,io,69.4,cuda:0,False,2026-09-16 22:25:45,/data00/home/liumianhan/order-audit/results/winerr/DLinear_ETTh1_h336_revin_s2021_det,ETTh1_h336_DLinear
ETTh1,DLinear,revin,336,2021,shuffled,DLinear_ETTh1_h336_revin_s2021_shuf,0.48878302468304363,1.2937224166741843,9,10,2545,2545,8209,65198,True,96,32,io,161.8,cuda:0,False,2026-09-16 23:04:51,/data00/home/liumianhan/order-audit/results/winerr/DLinear_ETTh1_h336_revin_s2021_shuf,ETTh1_h336_DLinear
ETTh1,DLinear,revin,336,2022,deterministic,DLinear_ETTh1_h336_revin_s2022_det,0.4889152057710363,1.2939052677991936,9,10,2545,2545,8209,65198,False,96,32,io,160.1,cuda:0,False,2026-09-16 23:04:53,/data00/home/liumianhan/order-audit/results/winerr/DLinear_ETTh1_h336_revin_s2022_det,ETTh1_h336_DLinear
ETTh1,DLinear,revin,336,2022,shuffled,DLinear_ETTh1_h336_revin_s2022_shuf,0.4889695524536865,1.293863686920925,9,10,2545,2545,8209,65198,True,96,32,io,160.9,cuda:0,False,2026-09-16 23:05:10,/data00/home/liumianhan/order-audit/results/winerr/DLinear_ETTh1_h336_revin_s2022_shuf,ETTh1_h336_DLinear
ETTh1,DLinear,revin,336,2023,deterministic,DLinear_ETTh1_h336_revin_s2023_det,0.48899599180367753,1.293783942735063,9,10,2545,2545,8209,65198,False,96,32,io,158.8,cuda:0,False,2026-09-16 23:07:04,/data00/home/liumianhan/order-audit/results/winerr/DLinear_ETTh1_h336_revin_s2023_det,ETTh1_h336_DLinear
ETTh1,DLinear,revin,336,2023,shuffled,DLinear_ETTh1_h336_revin_s2023_shuf,0.48894692352859,1.2938868072400866,9,10,2545,2545,8209,65198,True,96,32,io,159.8,cuda:0,False,2026-09-16 23:07:45,/data00/home/liumianhan/order-audit/results/winerr/DLinear_ETTh1_h336_revin_s2023_shuf,ETTh1_h336_DLinear
ETTh1,DLinear,san_lite,336,2021,deterministic,DLinear_ETTh1_h336_san_lite_s2021_det,0.5025031842074379,1.322268098284869,9,10,2545,2545,8209,65184,False,96,32,io,69.3,cuda:0,False,2026-09-16 22:25:49,/data00/home/liumianhan/order-audit/results/winerr/DLinear_ETTh1_h336_san_lite_s2021_det,ETTh1_h336_DLinear
ETTh1,DLinear,fredf,720,2021,deterministic,DLinear_ETTh1_h720_fredf_s2021_det,0.5105612239979287,1.3185212108086717,9,10,2161,2161,7825,139680,False,96,32,loss,59.9,cuda:0,False,2026-09-16 22:26:55,/data00/home/liumianhan/order-audit/results/winerr/DLinear_ETTh1_h720_fredf_s2021_det,ETTh1_h720_DLinear
ETTh1,DLinear,none,720,2021,deterministic,DLinear_ETTh1_h720_none_s2021_det,0.5200704291627186,1.2687705142467387,1,5,2161,2161,7825,139680,False,96,32,io,28.0,cuda:0,False,2026-09-16 22:25:52,/data00/home/liumianhan/order-audit/results/winerr/DLinear_ETTh1_h720_none_s2021_det,ETTh1_h720_DLinear
ETTh1,DLinear,revin,720,2021,deterministic,DLinear_ETTh1_h720_revin_s2021_det,0.48494544798483946,1.5632721416428865,9,10,2161,2161,7825,139694,False,96,32,io,62.3,cuda:0,False,2026-09-16 22:26:55,/data00/home/liumianhan/order-audit/results/winerr/DLinear_ETTh1_h720_revin_s2021_det,ETTh1_h720_DLinear
ETTh1,DLinear,san_lite,720,2021,deterministic,DLinear_ETTh1_h720_san_lite_s2021_det,0.49102524945909354,1.5920556640983654,9,10,2161,2161,7825,139680,False,96,32,io,62.0,cuda:0,False,2026-09-16 22:27:01,/data00/home/liumianhan/order-audit/results/winerr/DLinear_ETTh1_h720_san_lite_s2021_det,ETTh1_h720_DLinear
ETTh1,DLinear,fredf,96,2021,deterministic,DLinear_ETTh1_h96_fredf_s2021_det,0.3909459033766149,0.7007971963770748,9,10,2785,2785,8449,18624,False,96,32,loss,36.5,cuda:0,False,2026-09-16 22:23:21,/data00/home/liumianhan/order-audit/results/winerr/DLinear_ETTh1_h96_fredf_s2021_det,ETTh1_h96_DLinear
ETTh1,DLinear,fredf,96,2021,shuffled,DLinear_ETTh1_h96_fredf_s2021_shuf,0.3908745384036939,0.7008274024884457,9,10,2785,2785,8449,18624,True,96,32,loss,70.8,cuda:0,False,2026-09-16 22:56:50,/data00/home/liumianhan/order-audit/results/winerr/DLinear_ETTh1_h96_fredf_s2021_shuf,ETTh1_h96_DLinear
ETTh1,DLinear,fredf,96,2022,deterministic,DLinear_ETTh1_h96_fredf_s2022_det,0.39075172612165054,0.7007682127657839,9,10,2785,2785,8449,18624,False,96,32,loss,69.3,cuda:0,False,2026-09-16 22:56:48,/data00/home/liumianhan/order-audit/results/winerr/DLinear_ETTh1_h96_fredf_s2022_det,ETTh1_h96_DLinear
ETTh1,DLinear,fredf,96,2022,shuffled,DLinear_ETTh1_h96_fredf_s2022_shuf,0.39084263363179667,0.7003417343810816,9,10,2785,2785,8449,18624,True,96,32,loss,70.1,cuda:0,False,2026-09-16 22:57:55,/data00/home/liumianhan/order-audit/results/winerr/DLinear_ETTh1_h96_fredf_s2022_shuf,ETTh1_h96_DLinear
ETTh1,DLinear,fredf,96,2023,deterministic,DLinear_ETTh1_h96_fredf_s2023_det,0.39073647212664203,0.7007248856220896,9,10,2785,2785,8449,18624,False,96,32,loss,69.0,cuda:0,False,2026-09-16 22:58:12,/data00/home/liumianhan/order-audit/results/winerr/DLinear_ETTh1_h96_fredf_s2023_det,ETTh1_h96_DLinear
ETTh1,DLinear,fredf,96,2023,shuffled,DLinear_ETTh1_h96_fredf_s2023_shuf,0.39068028925422565,0.7003965040919332,9,10,2785,2785,8449,18624,True,96,32,loss,69.6,cuda:0,False,2026-09-16 22:58:13,/data00/home/liumianhan/order-audit/results/winerr/DLinear_ETTh1_h96_fredf_s2023_shuf,ETTh1_h96_DLinear
ETTh1,DLinear,none,96,2021,deterministic,DLinear_ETTh1_h96_none_s2021_det,0.395842024627135,0.675386422506161,9,10,2785,2785,8449,18624,False,96,32,io,34.2,cuda:0,False,2026-09-16 22:23:19,/data00/home/liumianhan/order-audit/results/winerr/DLinear_ETTh1_h96_none_s2021_det,ETTh1_h96_DLinear
ETTh1,DLinear,none,96,2021,shuffled,DLinear_ETTh1_h96_none_s2021_shuf,0.39676232247859317,0.6754681214701673,4,8,2785,2785,8449,18624,True,96,32,io,53.4,cuda:0,False,2026-09-16 22:53:42,/data00/home/liumianhan/order-audit/results/winerr/DLinear_ETTh1_h96_none_s2021_shuf,ETTh1_h96_DLinear
ETTh1,DLinear,none,96,2022,deterministic,DLinear_ETTh1_h96_none_s2022_det,0.3956882504527361,0.6757135112560579,9,10,2785,2785,8449,18624,False,96,32,io,67.9,cuda:0,False,2026-09-16 22:53:57,/data00/home/liumianhan/order-audit/results/winerr/DLinear_ETTh1_h96_none_s2022_det,ETTh1_h96_DLinear
ETTh1,DLinear,none,96,2022,shuffled,DLinear_ETTh1_h96_none_s2022_shuf,0.3959027716183424,0.6753081108592887,9,10,2785,2785,8449,18624,True,96,32,io,66.1,cuda:0,False,2026-09-16 22:53:55,/data00/home/liumianhan/order-audit/results/winerr/DLinear_ETTh1_h96_none_s2022_shuf,ETTh1_h96_DLinear
ETTh1,DLinear,none,96,2023,deterministic,DLinear_ETTh1_h96_none_s2023_det,0.3955066379567665,0.6757795729779419,9,10,2785,2785,8449,18624,False,96,32,io,66.3,cuda:0,False,2026-09-16 22:53:55,/data00/home/liumianhan/order-audit/results/winerr/DLinear_ETTh1_h96_none_s2023_det,ETTh1_h96_DLinear
ETTh1,DLinear,none,96,2023,shuffled,DLinear_ETTh1_h96_none_s2023_shuf,0.39550030732690916,0.6756348779428369,8,10,2785,2785,8449,18624,True,96,32,io,68.3,cuda:0,False,2026-09-16 22:55:04,/data00/home/liumianhan/order-audit/results/winerr/DLinear_ETTh1_h96_none_s2023_shuf,ETTh1_h96_DLinear
ETTh1,DLinear,revin,96,2021,deterministic,DLinear_ETTh1_h96_revin_s2021_det,0.398654637381981,0.711840757631059,9,10,2785,2785,8449,18638,False,96,32,io,39.1,cuda:0,False,2026-09-16 22:23:24,/data00/home/liumianhan/order-audit/results/winerr/DLinear_ETTh1_h96_revin_s2021_det,ETTh1_h96_DLinear
ETTh1,DLinear,revin,96,2021,shuffled,DLinear_ETTh1_h96_revin_s2021_shuf,0.39856597130406846,0.7119945329795121,9,10,2785,2785,8449,18638,True,96,32,io,73.9,cuda:0,False,2026-09-16 22:55:23,/data00/home/liumianhan/order-audit/results/winerr/DLinear_ETTh1_h96_revin_s2021_shuf,ETTh1_h96_DLinear
ETTh1,DLinear,revin,96,2022,deterministic,DLinear_ETTh1_h96_revin_s2022_det,0.39849814051102805,0.7123927590010706,9,10,2785,2785,8449,18638,False,96,32,io,74.4,cuda:0,False,2026-09-16 22:55:24,/data00/home/liumianhan/order-audit/results/winerr/DLinear_ETTh1_h96_revin_s2022_det,ETTh1_h96_DLinear
ETTh1,DLinear,revin,96,2022,shuffled,DLinear_ETTh1_h96_revin_s2022_shuf,0.39866132511994345,0.7124591108936729,9,10,2785,2785,8449,18638,True,96,32,io,74.3,cuda:0,False,2026-09-16 22:55:25,/data00/home/liumianhan/order-audit/results/winerr/DLinear_ETTh1_h96_revin_s2022_shuf,ETTh1_h96_DLinear
ETTh1,DLinear,revin,96,2023,deterministic,DLinear_ETTh1_h96_revin_s2023_det,0.3981951250544448,0.7118413823093421,9,10,2785,2785,8449,18638,False,96,32,io,74.3,cuda:0,False,2026-09-16 22:56:32,/data00/home/liumianhan/order-audit/results/winerr/DLinear_ETTh1_h96_revin_s2023_det,ETTh1_h96_DLinear
ETTh1,DLinear,revin,96,2023,shuffled,DLinear_ETTh1_h96_revin_s2023_shuf,0.3981259215965509,0.7120356062737205,9,10,2785,2785,8449,18638,True,96,32,io,74.3,cuda:0,False,2026-09-16 22:56:52,/data00/home/liumianhan/order-audit/results/winerr/DLinear_ETTh1_h96_revin_s2023_shuf,ETTh1_h96_DLinear
ETTh1,DLinear,san_lite,96,2021,deterministic,DLinear_ETTh1_h96_san_lite_s2021_det,0.41089101716209764,0.7447308711152796,9,10,2785,2785,8449,18624,False,96,32,io,39.8,cuda:0,False,2026-09-16 22:23:24,/data00/home/liumianhan/order-audit/results/winerr/DLinear_ETTh1_h96_san_lite_s2021_det,ETTh1_h96_DLinear
ETTh1,DLinear,san_lite,96,2021,shuffled,DLinear_ETTh1_h96_san_lite_s2021_shuf,0.41085198545818746,0.7447644021640102,9,10,2785,2785,8449,18624,True,96,32,io,78.2,cuda:0,False,2026-09-16 22:58:24,/data00/home/liumianhan/order-audit/results/winerr/DLinear_ETTh1_h96_san_lite_s2021_shuf,ETTh1_h96_DLinear
ETTh1,DLinear,san_lite,96,2022,deterministic,DLinear_ETTh1_h96_san_lite_s2022_det,0.4109974280232862,0.7449540653442372,9,10,2785,2785,8449,18624,False,96,32,io,78.0,cuda:0,False,2026-09-16 22:59:28,/data00/home/liumianhan/order-audit/results/winerr/DLinear_ETTh1_h96_san_lite_s2022_det,ETTh1_h96_DLinear
ETTh1,DLinear,san_lite,96,2022,shuffled,DLinear_ETTh1_h96_san_lite_s2022_shuf,0.41114513813516795,0.7450256588989581,9,10,2785,2785,8449,18624,True,96,32,io,79.5,cuda:0,False,2026-09-16 22:59:46,/data00/home/liumianhan/order-audit/results/winerr/DLinear_ETTh1_h96_san_lite_s2022_shuf,ETTh1_h96_DLinear
ETTh1,DLinear,san_lite,96,2023,deterministic,DLinear_ETTh1_h96_san_lite_s2023_det,0.4103692986816996,0.7444354571042188,9,10,2785,2785,8449,18624,False,96,32,io,78.1,cuda:0,False,2026-09-16 22:59:45,/data00/home/liumianhan/order-audit/results/winerr/DLinear_ETTh1_h96_san_lite_s2023_det,ETTh1_h96_DLinear
ETTh1,DLinear,san_lite,96,2023,shuffled,DLinear_ETTh1_h96_san_lite_s2023_shuf,0.4103544625928588,0.7444238230765676,9,10,2785,2785,8449,18624,True,96,32,io,77.5,cuda:0,False,2026-09-16 22:59:55,/data00/home/liumianhan/order-audit/results/winerr/DLinear_ETTh1_h96_san_lite_s2023_shuf,ETTh1_h96_DLinear
ETTh2,DLinear,fredf,192,2021,deterministic,DLinear_ETTh2_h192_fredf_s2021_det,0.40827580072836345,0.2970514646907541,9,10,2689,2689,8353,37248,False,96,32,loss,53.5,cuda:0,False,2026-09-16 22:28:44,/data00/home/liumianhan/order-audit/results/winerr/DLinear_ETTh2_h192_fredf_s2021_det,ETTh2_h192_DLinear
ETTh2,DLinear,none,192,2021,deterministic,DLinear_ETTh2_h192_none_s2021_det,0.48062508582781743,0.32852490797044365,4,8,2689,2689,8353,37248,False,96,32,io,32.3,cuda:0,False,2026-09-16 22:27:43,/data00/home/liumianhan/order-audit/results/winerr/DLinear_ETTh2_h192_none_s2021_det,ETTh2_h192_DLinear
ETTh2,DLinear,revin,192,2021,deterministic,DLinear_ETTh2_h192_revin_s2021_det,0.37928197413815407,0.2756196832274337,9,10,2689,2689,8353,37262,False,96,32,io,54.7,cuda:0,False,2026-09-16 22:28:38,/data00/home/liumianhan/order-audit/results/winerr/DLinear_ETTh2_h192_revin_s2021_det,ETTh2_h192_DLinear
ETTh2,DLinear,san_lite,192,2021,deterministic,DLinear_ETTh2_h192_san_lite_s2021_det,0.38380494555401196,0.280948216822793,9,10,2689,2689,8353,37248,False,96,32,io,57.4,cuda:0,False,2026-09-16 22:28:49,/data00/home/liumianhan/order-audit/results/winerr/DLinear_ETTh2_h192_san_lite_s2021_det,ETTh2_h192_DLinear
ETTh2,DLinear,fredf,336,2021,deterministic,DLinear_ETTh2_h336_fredf_s2021_det,0.4988290451402811,0.40044871228129636,9,10,2545,2545,8209,65184,False,96,32,loss,61.8,cuda:0,False,2026-09-16 22:29:50,/data00/home/liumianhan/order-audit/results/winerr/DLinear_ETTh2_h336_fredf_s2021_det,ETTh2_h336_DLinear
ETTh2,DLinear,none,336,2021,deterministic,DLinear_ETTh2_h336_none_s2021_det,0.5943823135490383,0.4352049727330458,1,5,2545,2545,8209,65184,False,96,32,io,30.5,cuda:0,False,2026-09-16 22:28:24,/data00/home/liumianhan/order-audit/results/winerr/DLinear_ETTh2_h336_none_s2021_det,ETTh2_h336_DLinear
ETTh2,DLinear,revin,336,2021,deterministic,DLinear_ETTh2_h336_revin_s2021_det,0.41740604114773366,0.3647301037838622,9,10,2545,2545,8209,65198,False,96,32,io,65.5,cuda:0,False,2026-09-16 22:29:40,/data00/home/liumianhan/order-audit/results/winerr/DLinear_ETTh2_h336_revin_s2021_det,ETTh2_h336_DLinear
ETTh2,DLinear,san_lite,336,2021,deterministic,DLinear_ETTh2_h336_san_lite_s2021_det,0.4213009819058394,0.3684442494573652,9,10,2545,2545,8209,65184,False,96,32,io,69.4,cuda:0,False,2026-09-16 22:30:04,/data00/home/liumianhan/order-audit/results/winerr/DLinear_ETTh2_h336_san_lite_s2021_det,ETTh2_h336_DLinear
ETTh2,DLinear,fredf,720,2021,deterministic,DLinear_ETTh2_h720_fredf_s2021_det,0.6978411880970284,0.67643343792235,9,10,2161,2161,7825,139680,False,96,32,loss,61.5,cuda:0,False,2026-09-16 22:30:52,/data00/home/liumianhan/order-audit/results/winerr/DLinear_ETTh2_h720_fredf_s2021_det,ETTh2_h720_DLinear
ETTh2,DLinear,none,720,2021,deterministic,DLinear_ETTh2_h720_none_s2021_det,0.8185345390795432,0.6922571052645472,2,6,2161,2161,7825,139680,False,96,32,io,38.7,cuda:0,False,2026-09-16 22:29:38,/data00/home/liumianhan/order-audit/results/winerr/DLinear_ETTh2_h720_none_s2021_det,ETTh2_h720_DLinear
ETTh2,DLinear,revin,720,2021,deterministic,DLinear_ETTh2_h720_revin_s2021_det,0.4206006724805214,0.6199357729018442,9,10,2161,2161,7825,139694,False,96,32,io,65.7,cuda:0,False,2026-09-16 22:30:54,/data00/home/liumianhan/order-audit/results/winerr/DLinear_ETTh2_h720_revin_s2021_det,ETTh2_h720_DLinear
ETTh2,DLinear,san_lite,720,2021,deterministic,DLinear_ETTh2_h720_san_lite_s2021_det,0.42099392461534013,0.6232430094435114,9,10,2161,2161,7825,139680,False,96,32,io,62.1,cuda:0,False,2026-09-16 22:31:03,/data00/home/liumianhan/order-audit/results/winerr/DLinear_ETTh2_h720_san_lite_s2021_det,ETTh2_h720_DLinear
ETTh2,DLinear,fredf,96,2021,deterministic,DLinear_ETTh2_h96_fredf_s2021_det,0.3043871904689348,0.22362471806592307,9,10,2785,2785,8449,18624,False,96,32,loss,36.8,cuda:0,False,2026-09-16 22:27:41,/data00/home/liumianhan/order-audit/results/winerr/DLinear_ETTh2_h96_fredf_s2021_det,ETTh2_h96_DLinear
ETTh2,DLinear,none,96,2021,deterministic,DLinear_ETTh2_h96_none_s2021_det,0.35092144397279995,0.2445736921026206,8,10,2785,2785,8449,18624,False,96,32,io,42.3,cuda:0,False,2026-09-16 22:26:44,/data00/home/liumianhan/order-audit/results/winerr/DLinear_ETTh2_h96_none_s2021_det,ETTh2_h96_DLinear
ETTh2,DLinear,revin,96,2021,deterministic,DLinear_ETTh2_h96_revin_s2021_det,0.29395209453733107,0.2142131548351005,9,10,2785,2785,8449,18638,False,96,32,io,38.9,cuda:0,False,2026-09-16 22:27:34,/data00/home/liumianhan/order-audit/results/winerr/DLinear_ETTh2_h96_revin_s2021_det,ETTh2_h96_DLinear
ETTh2,DLinear,san_lite,96,2021,deterministic,DLinear_ETTh2_h96_san_lite_s2021_det,0.3009433912662214,0.22259785057877315,9,10,2785,2785,8449,18624,False,96,32,io,40.1,cuda:0,False,2026-09-16 22:27:44,/data00/home/liumianhan/order-audit/results/winerr/DLinear_ETTh2_h96_san_lite_s2021_det,ETTh2_h96_DLinear
ETTm1,DLinear,fredf,192,2021,deterministic,DLinear_ETTm1_h192_fredf_s2021_det,0.38255029468329854,0.5187302443829336,6,10,11329,11329,34273,37248,False,96,32,loss,266.8,cuda:0,False,2026-09-16 22:38:04,/data00/home/liumianhan/order-audit/results/winerr/DLinear_ETTm1_h192_fredf_s2021_det,ETTm1_h192_DLinear
ETTm1,DLinear,none,192,2021,deterministic,DLinear_ETTm1_h192_none_s2021_det,0.38159852520566073,0.5101916538881804,6,10,11329,11329,34273,37248,False,96,32,io,215.7,cuda:0,False,2026-09-16 22:35:35,/data00/home/liumianhan/order-audit/results/winerr/DLinear_ETTm1_h192_none_s2021_det,ETTm1_h192_DLinear
ETTm1,DLinear,revin,192,2021,deterministic,DLinear_ETTm1_h192_revin_s2021_det,0.3872940495317549,0.5351194704399553,4,8,11329,11329,34273,37262,False,96,32,io,217.4,cuda:0,False,2026-09-16 22:36:36,/data00/home/liumianhan/order-audit/results/winerr/DLinear_ETTm1_h192_revin_s2021_det,ETTm1_h192_DLinear
ETTm1,DLinear,san_lite,192,2021,deterministic,DLinear_ETTm1_h192_san_lite_s2021_det,0.46114425914946344,0.5723487284414506,9,10,11329,11329,34273,37248,False,96,32,io,294.2,cuda:0,False,2026-09-16 22:38:59,/data00/home/liumianhan/order-audit/results/winerr/DLinear_ETTm1_h192_san_lite_s2021_det,ETTm1_h192_DLinear
ETTm1,DLinear,fredf,336,2021,deterministic,DLinear_ETTm1_h336_fredf_s2021_det,0.41378556228907803,0.6486903955140935,5,9,11185,11185,34129,65184,False,96,32,loss,254.0,cuda:0,False,2026-09-16 22:42:29,/data00/home/liumianhan/order-audit/results/winerr/DLinear_ETTm1_h336_fredf_s2021_det,ETTm1_h336_DLinear
ETTm1,DLinear,none,336,2021,deterministic,DLinear_ETTm1_h336_none_s2021_det,0.41323013678040155,0.6359153036378258,5,9,11185,11185,34129,65184,False,96,32,io,236.2,cuda:0,False,2026-09-16 22:39:42,/data00/home/liumianhan/order-audit/results/winerr/DLinear_ETTm1_h336_none_s2021_det,ETTm1_h336_DLinear
ETTm1,DLinear,revin,336,2021,deterministic,DLinear_ETTm1_h336_revin_s2021_det,0.419296414294905,0.6852780468376408,4,8,11185,11185,34129,65198,False,96,32,io,236.1,cuda:0,False,2026-09-16 22:40:43,/data00/home/liumianhan/order-audit/results/winerr/DLinear_ETTm1_h336_revin_s2021_det,ETTm1_h336_DLinear
ETTm1,DLinear,san_lite,336,2021,deterministic,DLinear_ETTm1_h336_san_lite_s2021_det,0.49209680306709147,0.7192853593326457,9,10,11185,11185,34129,65184,False,96,32,io,303.4,cuda:0,False,2026-09-16 22:44:13,/data00/home/liumianhan/order-audit/results/winerr/DLinear_ETTm1_h336_san_lite_s2021_det,ETTm1_h336_DLinear
ETTm1,DLinear,fredf,720,2021,deterministic,DLinear_ETTm1_h720_fredf_s2021_det,0.4719705129339554,0.9023567251383433,9,10,10801,10801,33745,139680,False,96,32,loss,250.8,cuda:0,False,2026-09-16 22:46:41,/data00/home/liumianhan/order-audit/results/winerr/DLinear_ETTm1_h720_fredf_s2021_det,ETTm1_h720_DLinear
ETTm1,DLinear,none,720,2021,deterministic,DLinear_ETTm1_h720_none_s2021_det,0.47377603655037775,0.8745767196221658,1,5,10801,10801,33745,139680,False,96,32,io,146.2,cuda:0,False,2026-09-16 22:42:20,/data00/home/liumianhan/order-audit/results/winerr/DLinear_ETTm1_h720_none_s2021_det,ETTm1_h720_DLinear
ETTm1,DLinear,revin,720,2021,deterministic,DLinear_ETTm1_h720_revin_s2021_det,0.48008455240075276,1.0049411727448696,1,5,10801,10801,33745,139694,False,96,32,io,158.7,cuda:0,False,2026-09-16 22:43:33,/data00/home/liumianhan/order-audit/results/winerr/DLinear_ETTm1_h720_revin_s2021_det,ETTm1_h720_DLinear
ETTm1,DLinear,san_lite,720,2021,deterministic,DLinear_ETTm1_h720_san_lite_s2021_det,0.5411938455430002,1.0336255028156724,9,10,10801,10801,33745,139680,False,96,32,io,265.1,cuda:0,False,2026-09-16 22:47:05,/data00/home/liumianhan/order-audit/results/winerr/DLinear_ETTm1_h720_san_lite_s2021_det,ETTm1_h720_DLinear
ETTm1,DLinear,fredf,96,2021,deterministic,DLinear_ETTm1_h96_fredf_s2021_det,0.34224998713359495,0.3955374530614559,9,10,11425,11425,34369,18624,False,96,32,loss,142.4,cuda:0,False,2026-09-16 22:33:27,/data00/home/liumianhan/order-audit/results/winerr/DLinear_ETTm1_h96_fredf_s2021_det,ETTm1_h96_DLinear
ETTm1,DLinear,none,96,2021,deterministic,DLinear_ETTm1_h96_none_s2021_det,0.3455136573837613,0.3968975241765313,3,7,11425,11425,34369,18624,False,96,32,io,94.8,cuda:0,False,2026-09-16 22:31:49,/data00/home/liumianhan/order-audit/results/winerr/DLinear_ETTm1_h96_none_s2021_det,ETTm1_h96_DLinear
ETTm1,DLinear,revin,96,2021,deterministic,DLinear_ETTm1_h96_revin_s2021_det,0.3504020672355255,0.40856451843832514,3,7,11425,11425,34369,18638,False,96,32,io,106.0,cuda:0,False,2026-09-16 22:32:48,/data00/home/liumianhan/order-audit/results/winerr/DLinear_ETTm1_h96_revin_s2021_det,ETTm1_h96_DLinear
ETTm1,DLinear,san_lite,96,2021,deterministic,DLinear_ETTm1_h96_san_lite_s2021_det,0.4258496929166515,0.4515387095393421,9,10,11425,11425,34369,18624,False,96,32,io,160.9,cuda:0,False,2026-09-16 22:33:54,/data00/home/liumianhan/order-audit/results/winerr/DLinear_ETTm1_h96_san_lite_s2021_det,ETTm1_h96_DLinear
ETTm2,DLinear,fredf,192,2021,deterministic,DLinear_ETTm2_h192_fredf_s2021_det,0.2518806686323561,0.17127677930315902,9,10,11329,11329,34273,37248,False,96,32,loss,273.5,cuda:0,False,2026-09-16 22:52:44,/data00/home/liumianhan/order-audit/results/winerr/DLinear_ETTm2_h192_fredf_s2021_det,ETTm2_h192_DLinear
ETTm2,DLinear,none,192,2021,deterministic,DLinear_ETTm2_h192_none_s2021_det,0.278084895881077,0.18424102849352508,1,5,11329,11329,34273,37248,False,96,32,io,103.0,cuda:0,False,2026-09-16 22:48:35,/data00/home/liumianhan/order-audit/results/winerr/DLinear_ETTm2_h192_none_s2021_det,ETTm2_h192_DLinear
ETTm2,DLinear,revin,192,2021,deterministic,DLinear_ETTm2_h192_revin_s2021_det,0.24591887732243883,0.17080632881337177,2,6,11329,11329,34273,37262,False,96,32,io,157.5,cuda:0,False,2026-09-16 22:49:53,/data00/home/liumianhan/order-audit/results/winerr/DLinear_ETTm2_h192_revin_s2021_det,ETTm2_h192_DLinear
ETTm2,DLinear,san_lite,192,2021,deterministic,DLinear_ETTm2_h192_san_lite_s2021_det,0.25176046261797574,0.17452829174014345,9,10,11329,11329,34273,37248,False,96,32,io,319.6,cuda:0,False,2026-09-16 22:53:35,/data00/home/liumianhan/order-audit/results/winerr/DLinear_ETTm2_h192_san_lite_s2021_det,ETTm2_h192_DLinear
ETTm2,DLinear,fredf,336,2021,deterministic,DLinear_ETTm2_h336_fredf_s2021_det,0.320911215721376,0.22245794696499346,3,7,11185,11185,34129,65184,False,96,32,loss,340.4,cuda:0,False,2026-09-16 22:57:41,/data00/home/liumianhan/order-audit/results/winerr/DLinear_ETTm2_h336_fredf_s2021_det,ETTm2_h336_DLinear
ETTm2,DLinear,none,336,2021,deterministic,DLinear_ETTm2_h336_none_s2021_det,0.36900017091826043,0.24498615970725082,3,7,11185,11185,34129,65184,False,96,32,io,184.5,cuda:0,False,2026-09-16 22:51:50,/data00/home/liumianhan/order-audit/results/winerr/DLinear_ETTm2_h336_none_s2021_det,ETTm2_h336_DLinear
ETTm2,DLinear,revin,336,2021,deterministic,DLinear_ETTm2_h336_revin_s2021_det,0.3067031753951764,0.21781878341434396,1,5,11185,11185,34129,65198,False,96,32,io,150.0,cuda:0,False,2026-09-16 22:52:34,/data00/home/liumianhan/order-audit/results/winerr/DLinear_ETTm2_h336_revin_s2021_det,ETTm2_h336_DLinear
ETTm2,DLinear,san_lite,336,2021,deterministic,DLinear_ETTm2_h336_san_lite_s2021_det,0.311364210883739,0.21913099186943022,9,10,11185,11185,34129,65184,False,96,32,io,612.8,cuda:0,False,2026-09-16 23:03:02,/data00/home/liumianhan/order-audit/results/winerr/DLinear_ETTm2_h336_san_lite_s2021_det,ETTm2_h336_DLinear
ETTm2,DLinear,fredf,720,2021,deterministic,DLinear_ETTm2_h720_fredf_s2021_det,0.4499329284300841,0.3086588398869823,2,6,10801,10801,33745,139680,False,96,32,loss,368.8,cuda:0,False,2026-09-16 23:04:04,/data00/home/liumianhan/order-audit/results/winerr/DLinear_ETTm2_h720_fredf_s2021_det,ETTm2_h720_DLinear
ETTm2,DLinear,none,720,2021,deterministic,DLinear_ETTm2_h720_none_s2021_det,0.5414378056627436,0.3500373771456324,2,6,10801,10801,33745,139680,False,96,32,io,317.7,cuda:0,False,2026-09-16 22:58:16,/data00/home/liumianhan/order-audit/results/winerr/DLinear_ETTm2_h720_none_s2021_det,ETTm2_h720_DLinear
ETTm2,DLinear,revin,720,2021,deterministic,DLinear_ETTm2_h720_revin_s2021_det,0.4068332174533358,0.28900327617507193,3,7,10801,10801,33745,139694,False,96,32,io,408.9,cuda:0,False,2026-09-16 23:00:38,/data00/home/liumianhan/order-audit/results/winerr/DLinear_ETTm2_h720_revin_s2021_det,ETTm2_h720_DLinear
ETTm2,DLinear,fredf,96,2021,deterministic,DLinear_ETTm2_h96_fredf_s2021_det,0.18289740780063926,0.12406722962042684,6,10,11425,11425,34369,18624,False,96,32,loss,156.3,cuda:0,False,2026-09-16 22:48:05,/data00/home/liumianhan/order-audit/results/winerr/DLinear_ETTm2_h96_fredf_s2021_det,ETTm2_h96_DLinear
ETTm2,DLinear,none,96,2021,deterministic,DLinear_ETTm2_h96_none_s2021_det,0.1966647150104861,0.13326142959896817,2,6,11425,11425,34369,18624,False,96,32,io,93.5,cuda:0,False,2026-09-16 22:45:18,/data00/home/liumianhan/order-audit/results/winerr/DLinear_ETTm2_h96_none_s2021_det,ETTm2_h96_DLinear
ETTm2,DLinear,revin,96,2021,deterministic,DLinear_ETTm2_h96_revin_s2021_det,0.1815613647777736,0.12669263707954237,2,6,11425,11425,34369,18638,False,96,32,io,104.3,cuda:0,False,2026-09-16 22:46:08,/data00/home/liumianhan/order-audit/results/winerr/DLinear_ETTm2_h96_revin_s2021_det,ETTm2_h96_DLinear
ETTm2,DLinear,san_lite,96,2021,deterministic,DLinear_ETTm2_h96_san_lite_s2021_det,0.1896994941413707,0.1317677821677787,2,6,11425,11425,34369,18624,False,96,32,io,101.0,cuda:0,False,2026-09-16 22:48:00,/data00/home/liumianhan/order-audit/results/winerr/DLinear_ETTm2_h96_san_lite_s2021_det,ETTm2_h96_DLinear
Weather,DLinear,none,96,2021,deterministic,DLinear_Weather_h96_none_s2021_det,0.19601410591455862,0.46285319380156514,3,7,5175,10444,36696,18624,False,96,32,io,398.5,cuda:0,False,2026-09-16 23:07:32,/data00/home/liumianhan/order-audit/results/winerr/DLinear_Weather_h96_none_s2021_det,Weather_h96_DLinear
